88888888888888888888888888888888888888888888888888
88888888888888888888888888888888888888888888888888
88888899988888898889889988888888888888888888888888
88898989888888888989899998888888888888888888888888
88889988988888988988889998888888888888888888888888
88889888888888888888888888888888888888888888888888
88888888888888888888888888888888888888888888888888
88888888888888888888888888888888888888888888888888
88888888888888888888888888888888888888888888888888
88888888888888888888888888888888888888888888888888
88888888888888888888888888888888888888888888888888
88888888888888888888888888888888888888888888888888
88888888888888888888888888888888888888888888888888
88888888888888888888888888888898991998888198888888
88888888888888888888888892169899999211181218888888
88888888888888888888888961696119888899118911888888
88888888888888888888881916961119198888811811888888
88888888888888888888911116611199919888899908888888
88888888888888888882196111888829919919899108888888
88888888888888888899916111188901111001996188888888
88888888888888888189916161118108110100091188888888
88888888888899991896611191699888119888091888888888
88888888889998888911081969891888911989962988888888
88888888898989291119811918819888999988119988888888
88888888888129888888918188118888112388181988888888
88888888891988888988981891888888883389891188888888
88888898988888889999989118888888813380891888888888
88888989888888898899981888888888881889908888888888
88881918888888998991888888888888888888888888888888
88889918888889888988888888888888888888888888888888
88888189888899991888888888888888888888888888888888
88888888888888988888988988988888888888888888888888
88888888888889888889998988998898898988888888888888
88888888888898888899998889898898998988888888888888
88888888889818888888989889888998998988888888888888
88888888888818888998898889899898998988888888888888
88888888888829888998898988999898898988888888888888
88888888888892888888988998988899888988888888888888
88888888888888888999999899999988999888888888888888
88888888888888888888988888888898888888888888888888
88888888888888888898888888988988889888888888888888
88888888888888888988888889988988899988888888888888
88888888888888888888998889998898898988888888888888
88888888888888888999999999999988998888888888888888
88888888888888888888888888888888889888888888888888
89999988888889888988999999988888888888888888888888
89999999999999999999999999999999999999889999999999
89999999999999999999999999999999999999999999999999
89999999999999999999999999999999999999999999999999
89999999999999999999999999999999999999999999999999
N88888888888888888888888888888888888888888888888888
88888888888888888888888888888888888888888888888888
88888888888888888888888888888888888888888888888888
88889898888898899999888888888888888888888888888888
88889888999988899999888898888888888888888888888888
88889999999899989998999998888888888888888888888888
88888888888888888888888888888888888888888888888888
88888888888888888888888888888888888888888888888888
88888888888888888888888888888888888888888888888888
88888888888888888888888888888888888888888888888888
88888888888888888888888888888888888888888888888888
88888888888888888888888888888888888888888888888888
88888888888888888888888888888888888888888888888888
88888888888888888888888888888888888888888188888888
88888888888888888888888888888889918899881208888888
88888888888888888888888888888998881111219918888888
88888888888888888888888889981981988888991818888888
88888888888888888888888889999889888888829908888888
88888888888888888888888899988911988888898218888888
88888888888888888888891891889118919999889988888888
88888888888888888888919019899189919110189188888888
88888888888888888899881911888811911001089888888888
88888888888888888998899911188810899888889888888888
88888888888999991888989119819988999298899988888888
88888888881998989898101898888188113398181288888888
88888888988292198990988888889188882388881288888888
88888888988119900118889181981888888881811888888888
88888989188888888889981898819888888889918888888888
88889998888888888199889898198888888888888888888888
88881918888888889989919811888888888888888888888888
88881898888888898899999918888888888888888888888888
88888099888889989888988888988988889888888888888888
88888888889888881888988988988898888988888888888888
88888888881889188899998889999898998988888888888888
88888888888881888888988889888898998988888888888888
88888888888898888998898889888898998988888888888888
88888888888991888998898989899898998988888888888888
88888888888889888888888988988898888988888888888888
88888888888889888889999998988999889888888888888888
88888888888888888999999889999988998888888888888888
88888888888888888898888998888989888888888888888888
88888888888888888888888889988989889988888888888888
88888888888888888988898889988988898988888888888888
88888888888888888999999999999999998888888888888888
88888888888888888888888888888888889888888888888888
89999988888888888988899888988888888888888888888888
89999999999988999999999999999999999999889999998889
89999999999999999999999999999999999999999999999999
89999999999999999999999999999999999999999999999999
89999999999999999999999999999999999999999999999999
N88888888888888888888888888888888888888888888888888
88888888888888888888888888888888888888888888888888
88888888888888888888888888888888888888888888888888
88888888888888988888888888888888888888888888888888
88888988888989988888998888888888888888888888888888
88888889889988988889898888888888888888888888888888
88888888888888888888888888888888888888888888888888
88888888888888888888888888888888888888888888888888
88888888888888888888888888888888888888888888888888
88888888888888888888888888888888888888888888888888
88888888888888888888888888888888888888888888888888
88888888888888888888888888888888888888888888888888
88888888888888888888888888888888888888888888888888
88888888888888888888888888888888888888881088888888
88888888888888888888888888888888889888811108888888
88888888888888888888888888888888888929999918888888
88888888888888888888888888888898889188111908888888
88888888888888888888888888888188989888999108888888
88888888888888888888888888889881988888819188888888
88888888888888888888888888811898888888899188888888
88888888888888888888888891198888888999191188888888
88888888888888888888888961199111111111191888888888
88888888888888888888821911996119911109112888888888
88888888888888888882111111961119919189198988888888
88888888888888888922991611188891111888881188888888
88888888881991181999611111118918888889811888888888
88888888988899981899961111911998888880911888888888
88888891198111128911019819912988888888198888888888
88889981888888000119888819199188888888888888888888
88889918888888888889998119689988888888888888888888
88889888888888888811999991991888888888888888888888
88881998888888899888988198988988889888888888888888
88888888888988189888998988988898888988888888888888
88888888888188999899118889999898998988888888888888
88888888888988288888988889888898998988888888888888
88888888888889888998898889888898998988888888888888
88888888888881888998898989899898998988888888888888
88888888888891288888888988988898888988888888888888
88888888888889188889999998988999889888888888888888
88888888888888888999999889999988998888888888888888
88888888888888888898888998888989888888888888888888
88888888888888888888888889988989889988888888888888
88888888888888888988898889988988898988888888888888
88888888888888888999999999999999998888888888888888
88888888888888888888888888888888889888888888888888
89889988888888888988999999988888888888889988888888
89999999988888999998999999999999999999889999988889
89999999999999999999999999999999999999999999999999
89999999999999999999999999999999999999999999999999
89999999999999999999999999999999999999999999999999
N88888888888888888888888888888888888888888888888888
88888888888888888888888888888888888888888888888888
88888888888888888888888888888888888888888888888888
88888888888888888888888898888888888888888888888888
88888999998898889899988898888888888888888888888888
88888898899888889998888899888888888888888888888888
88889889989989998889899989888888888888888888888888
88888888888888888888888888888888888888888888888888
88888888888888888888888888888888888888888888888888
88888888888888888888888888888888888888888888888888
88888888888888888888888888888888888888888888888888
88888888888888888888888888888888888888888888888888
88888888888888888888888888888888888888888888888888
88888888888888888888888888888888889988811188888888
88888888888888888888888888888888998891101908888888
88888888888888888888888888888888988929119818888888
88888888888888888888888888888898989189221108888888
88888888888888888888888888888998812889999188888888
88888888888888888888888888888988188888929288888888
88888888888888888888888888889881888888111188888888
88888888888888888888888888889899888889991888888888
88888888888888888888888888299988888921199888888888
88888888888888888888888996199898892101112988888888
88888888888888888888881961199619911111999988888888
88888888888888888888211611996118919889891888888888
88888888888888888891111111961119288881811888888888
88888888899991888199966611198891888880918888888888
88889899888999911899616111111818888888888888888888
88889889999111198966661111661918888888888888888888
88889998888881999911088891929998888888888888888888
88889998888888811198998819999988888888888888888888
88889888888888888888988118188188889888888888888888
88889111888888899888998988988898888988888888888888
88888888888818888899998889929898998988888888888888
88888888888818899888119881188898998988888888888888
88888888888898988998898889888898998988888888888888
88888888888888188998898989899898998988888888888888
88888888888888188888888988988898888988888888888888
88888888888889198889999999988999889888888888888888
88888888888888888999999889999988998888888888888888
88888888888888888898888998888989888888888888888888
88888888888888888888888889988989889988888888888888
88888888888888888988898889988988898988888888888888
88888888888888888999999999999999998888888888888888
88888888888888888888888888888888889888888888888888
89889988888888888988999999989888888888889988888888
89999999988888999998999999999999999999889999988889
89999999999999999999999999999999999999999999999999
89999999999999999999999999999999999999999999999999
89999999999999999999999999999999999999999999999999
N88888888888888888888888888888888888888888888888888
88888888888888888888888888888888888888888888888888
88888888888888888888888888888888888888888888888888
88888888888888888888888898888888888888888888888888
88888999998898889899988898888888888888888888888888
88888898899888889998888899888888888888888888888888
88889889989989998889899989888888888888888888888888
88888888888888888888888888888888888888888888888888
88888888888888888888888888888888888888888888888888
88888888888888888888888888888888888888888888888888
88888888888888888888888888888888888888888888888888
88888888888888888888888888888888888888888888888888
88888888888888888888888888888888888888888888888888
88888888888888888888888888888888889988811188888888
88888888888888888888888888888888998891101908888888
88888888888888888888888888888888988929119818888888
88888888888888888888888888888898989189221108888888
88888888888888888888888888888998812889999188888888
88888888888888888888888888888988188888929288888888
88888888888888888888888888889881888888111188888888
88888888888888888888888888889899888889991888888888
88888888888888888888888888299988888921199888888888
88888888888888888888888996199898892101112988888888
88888888888888888888881961199619911111999988888888
88888888888888888888211611996118919889891888888888
88888888888888888891111111961119288881811888888888
88888888899991888199966611198891888880918888888888
88889899888999911899616111111818888888888888888888
88889889999111198966661111661918888888888888888888
88889998888881999911088891929998888888888888888888
88889998888888811198998819999988888888888888888888
88889888888888888888988118188188889888888888888888
88889111888888899888998988988898888988888888888888
88888888888818888899998889929898998988888888888888
88888888888818899888119881188898998988888888888888
88888888888898988998898889888898998988888888888888
88888888888888188998898989899898998988888888888888
88888888888888188888888988988898888988888888888888
88888888888889198889999999988999889888888888888888
88888888888888888999999889999988998888888888888888
88888888888888888898888998888989888888888888888888
88888888888888888888888889988989889988888888888888
88888888888888888988898889988988898988888888888888
88888888888888888999999999999999998888888888888888
88888888888888888888888888888888889888888888888888
89889988888888888988999999989888888888889988888888
89999999988888999998999999999999999999889999988889
89999999999999999999999999999999999999999999999999
89999999999999999999999999999999999999999999999999
89999999999999999999999999999999999999999999999999
N88888888888888888888888888888888888888888888888888
88888888888888888888888888888888888888888888888888
88888888888888888888888888888888888888888888888888
88888888888888888888888888888888888888888888888888
88888888888888898888888888888888888888888888888888
88888888888888998888899988888888888888888888888888
88888989988898899889888888888888888888888888888888
88888998888888888888888888888888888888888888888888
88888888888888888888888888888888888888888888888888
88888888888888888888888888888888888888888888888888
88888888888888888888888888888888888888888888888888
88888888888888888888888888888888888888888888888888
88888888888888888888888888888888999988911088888888
88888888888888888888888888888899988911199188888888
88888888888888888888888888888988919999918188888888
88888888888888888888888888889889988888991088888888
88888888888888888888888889999888888888818188888888
88888888888888888888888989992998888888898188888888
88888888888888888888889889988919919199989188888888
88888888888888888888819891889998911110081988888888
88888888888888888888111111881919211100989888888888
88888888888888888899989910188891118998899888888888
88888888888888888998818911118891888881981888888888
88888888888888889888918111191119991889981888888888
88888888889991119889891189881818888881881888888888
88888888819999988991098899888998888880819888888888
88888889888191189919888898889988888881908888888888
88888989999119001188888898989188888888888888888888
88898189188888888888999198981888888888888888888888
88898998888888888881999911898888888888888888888888
88899988888888888899999199188888888888888888888888
88899988888888888888988118988988889888888888888888
88889898888888991888998988988898888988888888888888
88888888888888988899998889999898998988888888888888
88888888888898989888988889888898998988888888888888
88888888888889998998898889888898998988888888888888
88888888888882918998898989899898998988888888888888
88888888888881988888888988988898888988888888888888
88888888888888818889999999988999889888888888888888
88888888888888999999999889999988998888888888888888
88888888888888888898888998888989888888888888888888
88888888888888888888888889988989889988888888888888
88888888888888888988898889988988898988888888888888
88888888888888888999999999999999998888888888888888
88888888888888888888888888888888889888888888888888
89889988888888888988999999989888888888889988888888
89999988888888999998999999999999999999889999988889
89999999999999999999999999999999999999999999999999
89999999999999999999999999999999999999999999999999
89999999999999999999999999999999999999999999999999
N88888888888888888888888888888888888888888888888888
88888888888888888888888888888888888888888888888888
88888888888888888888888888888888888888888888888888
88888888888888888888888888888888888888888888888888
88888888888888888888888888888888888888888888888888
88888898988888988998998889888888888888888888888888
88888898889989888999898889988888888888888888888888
88888889998998999899989999988888888888888888888888
88888888888888888888888888888888888888888888888888
88888888888888888888888888888888888888888888888888
88888888888888888888888888888888888888888888888888
88888888888888888888888888889999199888111888888888
88888888888888888888888899119898999911199188888888
88888888888888888888889899988919988888199188888888
88888888888888888888888891889991919888811988888888
88888888888888888888819912881119911989829888888888
88888888888888888889211191988891111101999988888888
88888888888888888899981911188891111000199988888888
88888888888888888988818911228910000100081888888888
88888888888888889988819119899919889900081888888888
88888888888888891888891998811989888889982888888888
88888888888889219899118998989181199881899888888888
88888888889999898910888188989188889191988888888888
88888888898189989118889981881819918881899888888888
88888888888991110888889889818888888881818888888888
88888888889118888888989111188888888880908888888888
88888888881188888888899920888888888881188888888888
88888889998888888819991118888888888888888888888888
88888911888888888988912888888888888888888888888888
88888898888888888998988888888888888888888888888888
88898998888888888989188888888888888888888888888888
88819988888888889888988888988988889888888888888888
88899988888888881888998988988898888988888888888888
88881991888888888899998889999898998988888888888888
88888888888888889888988889888898998988888888888888
88888888888881881998898889888898998988888888888888
88888888888888991998898989899898998988888888888888
88888888888888199888888988988898888988888888888888
88888888888888981889999999988999889888888888888888
88888888888888899999999889999988998888888888888888
88888888888888888898888998888989888888888888888888
88888888888888888888888889988989889988888888888888
88888888888888888988898889988988898988888888888888
88888888888888888999999999999999998888888888888888
88888888888888888888888888888888889888888888888888
89889988888888888988999999989888888888899888888888
89999988888888999998999999999999999999999999989989
89999999999999999999999999999999999999999999999999
89999999999999999999999999999999999999999999999999
89999999999999999999999999999999999999999999999999
N88888888888888888888888888888888888888888888888888
88888888888888888888888888888888888888888888888888
88888888888888888888888888888888888888888888888888
88888888888888888888888888888888888888888888888888
88888888888888888888888888888888888888888888888888
88888888888888889888888888888888888888888888888888
88888888888888899888889998888888888888888888888888
88888898998888889988998988888888888888888888888888
88888889888888888888888888888888888888888888888888
88888888888888888888888888888888888888888888888888
88888888888888888888888888888888888888108888888888
88888888888888888888888888888889199981111888888888
88888888888888888888888888889989911111991888888888
88888888888888888888888888819889998889191888888888
88888888888888888888888899119988888888911888888888
88888888888888888888888889199911888888898888888888
88888888888888888888888891988911111989899988888888
88888888888888888888818891888119911101989988888888
88888888888888888888111111889991111000081888888888
88888888888888888899989911188890100019981888888888
88888888888888888988898910111899888881899888888888
88888888888888889988998111189192998891888888888888
88888888888888891888991189889998891921988888888888
88888888888992118899108888881910988881898888888888
88888888889999998810888891888918888881818888888888
88888888889991989108888819819988888880908888888888
88888888888110001888888811898188888888888888888888
88888888889088888888899999981888888888888888888888
88888991198888888888199929918888888888888888888888
88898189888888888889199919288888888888888888888888
88898918888888888889899111888888888888888888888888
88899188888888888888988188988988889888888888888888
88899988888888888888998988988898888988888888888888
88899818888888899899198889999898998988888888888888
88889118888888988888988889888898998988888888888888
88888888888888189998898889888898998988888888888888
88888888888888899998898989899898998988888888888888
88888888888888829888888988988898888988888888888888
88888888888888818989999999988999889888888888888888
88888888888888888999999889999988998888888888888888
88888888888888888898888998888989888888888888888888
88888888888888888888888889988989889988888888888888
88888888888888888988898889988988898988888888888888
88888888888888888999999999999999998888888888888888
88888888888888888888888888888888889888888888888888
89889988888888888988999999989888888888888888888888
89999988988888999998999999999999999999999999989989
89999999999999999999999999999999999999999999999999
89999999999999999999999999999999999999999999999999
89999999999999999999999999999999999999999999999999
N88888888888888888888888888888888888888888888888888
88888888888888888888888888888888888888888888888888
88888888888888888888888888888888888888888888888888
88888888888888888888888888888888888888888888888888
88888888888888888888888888888888888888888888888888
88888888888888888898888888988888888888888888888888
88888888999988888898989888888888888888888888888888
88888898988998888899988889998888888888888888888888
88888898888888888888888888888888888888888888888888
88888888888888888888888888888888888888888888888888
88888888888888888888888888888888888889108888888888
88888888888888888888888888888889999881211888888888
88888888888888888888888888888889881912990888888888
88888888888888888888888888888889880982910888888888
88888888888888888888888888889889188889991888888888
88888888888888888888888888819881888888919888888888
88888888888888888888888888898898888888819888888888
88888888888888888888888889198988888899991888888888
88888888888888888888888992121998991110190888888888
88888888888888888888881961199611111101999888888888
88888888888888888888819911199111911181118888888888
88888888888888888888111611996119109291198888888888
88888888888888888892111111119891198991818888888888
88888888888888888216966110111899888881818888888888
88888888888888881299111110111119888881908888888888
88888888888118811899162111116119888880288888888888
88888888899921918211109881196198888888888888888888
88888888988191299210888881199998888888888888888888
88888898888111911128888881991998888888888888888888
88888999111988101888888991291908888888888888888888
88888999888888888888811991289988888888888888888888
88889918888888888888988998188188889888888888888888
88889988888888888888998988988898888988888888888888
88888888888888889899998889119898998988888888888888
88880111888888888888919889888898998988888888888888
88888888888888898998898889888898998988888888888888
88888888888888889998898989899898998988888888888888
88888888888888889888888988988898888988888888888888
88888888888888881989999999988999889888888888888888
88888888888888881999999889999988998888888888888888
88888888888888888898888998888989888888888888888888
88888888888888888888888889988989889988888888888888
88888888888888888988898889998988898988888888888888
88888888888888888999999999999999998888888888888888
88888888888888888888888888888888889888888888888888
89889988888888888988999999989888888888888888888888
89999999988888999998999999999999999999999999989989
89999999999999999999999999999999999999999999999999
89999999999999999999999999999999999999999999999999
89999999999999999999999999999999999999999999999999
N88888888888888888888888888888888888888888888888888
88888888888888888888888888888888888888888888888888
88888888888888888888888888888888888888888888888888
88888888888888888888888888888888888888888888888888
88888888888888888888888888888888888888888888888888
88888888888888888888888888888888888888888888888888
88888888888888888889888888888888888888888888888888
88888888989888999888888898888888888888888888888888
88888889989989998988889898888888888888888888888888
88888888888888888888888888888888888888888888888888
88888888888888888888888888888888888891108888888888
88888888888888888888888888888811999912218888888888
88888888888888888888888888888189889911998888888888
88888888888888888888888888888818899892118888888888
88888888888888888888888888889888901989999888888888
88888888888888888888888888898888188888191888888888
88888888888888888888888888899881888888911888888888
88888888888888888888888888898889888888911888888888
88888888888888888888888888998898888891998888888888
88888888888888888888888888198188888111168888888888
88888888888888888888888881898888899111918888888888
88888888888888888888888991191191911981818888888888
88888888888888888888881961199911219881818888888888
88888888888888888888999961199111218881818888888888
88888888888888888881111111196119188881998888888888
88888888888888888811661111119891888889988888888888
88888888888888881919916110111181888888888888888888
88888888881911811899116110111121888888888888888888
88888888988891118991661119119611888888888888888888
88889811198111191911018888919191888888888888888888
88888899111101916108888888919161888888888888888888
88889898888881111988988118188198889888888888888888
88889818888888888888998988988898888988888888888888
88888818888888888899918889119898998988888888888888
88889899888888888888999889988898998988888888888888
88888998888888888998898881198898998988888888888888
88888888888888888998898989899898998988888888888888
88888888888888888888888988988898888988888888888888
88888888888888888889999999988999889888888888888888
88888888888888888199999889999988998888888888888888
88888888888888888898888998888989888888888888888888
88888888888888888888888889988989889988888888888888
88888888888888888988898889988988898988888888888888
88888888888888888999999999999999998888888888888888
88888888888888888888888888888888889888888888888888
89889988888888888988999999989888888899888888988888
89999999988888999998999999999999999999999999999989
89999999999999999999999999999999999999999999999999
89999999999999999999999999999999999999999999999999
89999999999999999999999999999999999999999999999999
N88888888888888888888888888888888888888888888888888
88888888888888888888888888888888888888888888888888
88888888888888888888888888888888888888888888888888
88888888888888888888888888888888888888888888888888
88888888888888888888888888888888888888888888888888
88888888888888888888888888888888888888888888888888
88888888888888888889888888888888888888888888888888
88888888989888999888888898888888888888888888888888
88888889989989998988889898888888888888888888888888
88888888888888888888888888888888888888888888888888
88888888888888888888888888888888888891108888888888
88888888888888888888888888888811999912218888888888
88888888888888888888888888888189889911998888888888
88888888888888888888888888888818899892118888888888
88888888888888888888888888889888901989999888888888
88888888888888888888888888898888188888191888888888
88888888888888888888888888899881888888911888888888
88888888888888888888888888898889888888911888888888
88888888888888888888888888998898888891998888888888
88888888888888888888888888198188888111168888888888
88888888888888888888888881898888899111918888888888
88888888888888888888888991191191911981818888888888
88888888888888888888881961199911219881818888888888
88888888888888888888999961199111218881818888888888
88888888888888888881111111196119188881998888888888
88888888888888888811661111119891888889988888888888
88888888888888881919916110111181888888888888888888
88888888881911811899116110111121888888888888888888
88888888988891118991661119119611888888888888888888
88889811198111191911018888919191888888888888888888
88888899111101916108888888919161888888888888888888
88889898888881111988988118188198889888888888888888
88889818888888888888998988988898888988888888888888
88888818888888888899918889119898998988888888888888
88889899888888888888999889988898998988888888888888
88888998888888888998898881198898998988888888888888
88888888888888888998898989899898998988888888888888
88888888888888888888888988988898888988888888888888
88888888888888888889999999988999889888888888888888
88888888888888888199999889999988998888888888888888
88888888888888888898888998888989888888888888888888
88888888888888888888888889988989889988888888888888
88888888888888888988898889988988898988888888888888
88888888888888888999999999999999998888888888888888
88888888888888888888888888888888889888888888888888
89889988888888888988999999989888888899888888988888
89999999988888999998999999999999999999999999999989
89999999999999999999999999999999999999999999999999
89999999999999999999999999999999999999999999999999
89999999999999999999999999999999999999999999999999
N88888888888888888888888888888888888888888888888888
88888888888888888888888888888888888888888888888888
88888888888888888888888888888888888888888888888888
88888888888888888888888888888888888888888888888888
88888888888888888888888888888888888888888888888888
88888888888888888888888888888888888888888888888888
88888888888888888888888888898888888888888888888888
88888888889898898889889988898888888888888888888888
88888888988899898889998988899888888888888888888888
88888888888889988998899899999888888811088888888888
88888888888888888888888888888999998111188888888888
88888888888888888888888888888818819991998888888888
88888888888888888888888888888888111989198888888888
88888888888888888888888888888889988889299888888888
88888888888888888888888888998888888888991888888888
88888888888888888888888888998898888888811888888888
88888888888888888888888888998888888999111888888888
88888888888888888888888991199898891100298888888888
88888888888888888888889961219912211001668888888888
88888888888888888888829961199111110991118888888888
88888888888888888888919611699111109991918888888888
88888888888888888881111111196699121981898888888888
88888888888888888811161111119881229882898888888888
88888888888888888216916110111191119802928888888888
88888888888888881199116110111611988891288888888888
88888888888888819899161188119612888888888888888888
88888888881911118119108888126669888888888888888888
88888888898891119910888888116691888888888888888888
88888888988111191118888888119691888888888888888888
88888899199111001888888899119991888888888888888888
88889819198888888888888119911198888888888888888888
88889819888888888888988998188118889888888888888888
88889818888888888888998988988898888988888888888888
88888898888888888899918889119898998988888888888888
88888898888888888888999889888898998988888888888888
88881199888888888998898889888898998988888888888888
88888888888888888998818989999898998988888888888888
88888888888888888888888988988898888988888888888888
88888888888888888889999999988999889888888888888888
88888888888888888999999889999988998888888888888888
88888888888888888898888998888989888888888888888888
88888888888888888888888889988989889988888888888888
88888888888888888988898889988988898988888888888888
88888888888888888999999999999999998888888888888888
88888888888888888888888888888888889888888888888888
89889988888888888988999999989888888899888888988888
89999999988899999998999999999999999999999999999989
89999999999999999999999999999999999999999999999999
89999999999999999999999999999999999999999999999999
89999999999999999999999999999999999999999999999999
N88888888888888888888888888888888888888888888888888
88888888888888888888888888888888888888888888888888
88888888888888888888888888888888888888888888888888
88888888888888888888888888888888888888888888888888
88888888888888888888888888888888888888888888888888
88888888888888888888888888888888888888888888888888
88888888888888888888888888898888888888888888888888
88888888889898898889889988898888888888888888888888
88888888988899898889998988899888888888888888888888
88888888888889988998899899999888888811088888888888
88888888888888888888888888888999998111188888888888
88888888888888888888888888888818819991998888888888
88888888888888888888888888888888111989198888888888
88888888888888888888888888888889988889299888888888
88888888888888888888888888998888888888991888888888
88888888888888888888888888998898888888811888888888
88888888888888888888888888998888888999111888888888
88888888888888888888888991199898891100298888888888
88888888888888888888889961219912211001668888888888
88888888888888888888829961199111110991118888888888
88888888888888888888919611699111109991918888888888
88888888888888888881111111196699121981898888888888
88888888888888888811161111119881229882898888888888
88888888888888888216916110111191119802928888888888
88888888888888881199116110111611988891288888888888
88888888888888819899161188119612888888888888888888
88888888881911118119108888126669888888888888888888
88888888898891119910888888116691888888888888888888
88888888988111191118888888119691888888888888888888
88888899199111001888888899119991888888888888888888
88889819198888888888888119911198888888888888888888
88889819888888888888988998188118889888888888888888
88889818888888888888998988988898888988888888888888
88888898888888888899918889119898998988888888888888
88888898888888888888999889888898998988888888888888
88881199888888888998898889888898998988888888888888
88888888888888888998818989999898998988888888888888
88888888888888888888888988988898888988888888888888
88888888888888888889999999988999889888888888888888
88888888888888888999999889999988998888888888888888
88888888888888888898888998888989888888888888888888
88888888888888888888888889988989889988888888888888
88888888888888888988898889988988898988888888888888
88888888888888888999999999999999998888888888888888
88888888888888888888888888888888889888888888888888
89889988888888888988999999989888888899888888988888
89999999988899999998999999999999999999999999999989
89999999999999999999999999999999999999999999999999
89999999999999999999999999999999999999999999999999
89999999999999999999999999999999999999999999999999
N88888888888888888888888888888888888888888888888888
88888888888888888888888888888888888888888888888888
88888888888888888888888888888888888888888888888888
88888888888888888888888888888888888888888888888888
88888888888888888888888888888888888888888888888888
88888888888888888888888888888888888888888888888888
88888888888888888888888888888888888888888888888888
88888888888888888888888888889888881118888888888888
88888888888989889888988998889899811119888888888888
88888888898889989888999888889999111110888888888888
88888888988888888888888989999918999891888888888888
88888888888888888888888891999988888889188888888888
88888888888888888888888961119119998898198888888888
88888888888888888888889961199611119999198888888888
88888888888888888888819911199611111101918888888888
88888888888888888888919611699611111000918888888888
88888888888888888881111111161989100001998888888888
88888888888888888811111110111889111819688888888888
88888888888888888961661110111119889919188888888888
88888888888888888116916110111911919911988888888888
88888888888888881299616198166911189911988888888888
88888888888888891899161888196911188818188888888888
88888888888888811891118888096911188918188888888888
88888888888881191911988888111919188919988888888888
88888888888891999218888888111919888891888888888888
88888888881999111088888888111991888888888888888888
88888888889819100888888888199998888888888888888888
88888888898811888888888889891118888888888888888888
88888888988818888888888819911188888888888888888888
88888888981188888888888999891188888888888888888888
88888888918888888888888189121888888888888888888888
88888881988888888888988998988988889888888888888888
88888981988888888888998988988898888988888888888888
88888191988888888899998889999898998988888888888888
88888991888888888888998881888898998988888888888888
88888999888888888998898889888898998988888888888888
88888998188888888998898989899898998988888888888888
88888911988888888888988988988898888988888888888888
88888888888888888889999199988999889888888888888888
88888888888888888999999889999988998888888888888888
88888888888888888898888998888989888888888888888888
88888888888888888888888889988989889988888888888888
88888888888888888988898889988988898988888888888888
88888888888888888999999999999999998888888888888888
88888888888888888888888888888888889888888888888888
89889988888888888988999999989888888899888888988888
89999999988899999998999999999999999999999999999989
89999999999999999999999999999999999999999999999999
89999999999999999999999999999999999999999999999999
89999999999999999999999999999999999999999999999999
N88888888888888888888888888888888888888888888888888
88888888888888888888888888888888888888888888888888
88888888888888888888888888888888888888888888888888
88888888888888888888888888888888888888888888888888
88888888888888888888888888888888888888888888888888
88888888888888888888888888888888888888888888888888
88888888888888888888888888888888888888888888888888
88888888888888888888888888889888881118888888888888
88888888888989889888988998889899811119888888888888
88888888898889989888999888889999111110888888888888
88888888988888888888888989999918999891888888888888
88888888888888888888888891999988888889188888888888
88888888888888888888888961119119998898198888888888
88888888888888888888889961199611119999198888888888
88888888888888888888819911199611111101918888888888
88888888888888888888919611699611111000918888888888
88888888888888888881111111161989100001998888888888
88888888888888888811111110111889111819688888888888
88888888888888888961661110111119889919188888888888
88888888888888888116916110111911919911988888888888
88888888888888881299616198166911189911988888888888
88888888888888891899161888196911188818188888888888
88888888888888811891118888096911188918188888888888
88888888888881191911988888111919188919988888888888
88888888888891999218888888111919888891888888888888
88888888881999111088888888111991888888888888888888
88888888889819100888888888199998888888888888888888
88888888898811888888888889891118888888888888888888
88888888988818888888888819911188888888888888888888
88888888981188888888888999891188888888888888888888
88888888918888888888888189121888888888888888888888
88888881988888888888988998988988889888888888888888
88888981988888888888998988988898888988888888888888
88888191988888888899998889999898998988888888888888
88888991888888888888998881888898998988888888888888
88888999888888888998898889888898998988888888888888
88888998188888888998898989899898998988888888888888
88888911988888888888988988988898888988888888888888
88888888888888888889999199988999889888888888888888
88888888888888888999999889999988998888888888888888
88888888888888888898888998888989888888888888888888
88888888888888888888888889988989889988888888888888
88888888888888888988898889988988898988888888888888
88888888888888888999999999999999998888888888888888
88888888888888888888888888888888889888888888888888
89889988888888888988999999989888888899888888988888
89999999988899999998999999999999999999999999999989
89999999999999999999999999999999999999999999999999
89999999999999999999999999999999999999999999999999
89999999999999999999999999999999999999999999999999
N88888888888888888888888888888888888888888888888888
88888888888888888888888888888888888888888888888888
88888888888888888888888888888888888888888888888888
88888888888888888888888888888888888888888888888888
88888888888888888888888888888888888888888888888888
88888888888888888888888888888888888888888888888888
88888888888888888888888888888888888888888888888888
88888888888888888888888888888888811188888888888888
88888888888889988888888888888998011118888888888888
88888888898989888889888889899999199918888888888888
88888888898988888889988988889991998891888888888888
88888888889888888888888881888888199818988888888888
88888888888888888888888889888819888889888888888888
88888888888888888888888888888918888889988888888888
88888888888888888888888889988988888899188888888888
88888888888888888888888889888988888918188888888888
88888888888888888888888889988888889198188888888888
88888888888888888888888819989898811099188888888888
88888888888888888888888199189991110198188888888888
88888888888888888888889889298911119198988888888888
88888888888888888888818889188811189198888888888888
88888888888888888888298889988811188188888888888888
88888888888888888881119991188982888191888888888888
88888888888888888899192119111888888901888888888888
88888888888888888999881919111111188888888888888888
88888888888888889898819210019199188888888888888888
88888888888888898888919109019189988888888888888888
88888888888911991889891888819889898888888888888888
88888888889111118819198888819889818888888888888888
88888888899981198911888888881119918888888888888888
88888888819981089188888888881918198888888888888888
88888888101110000888988988988911889888888888888888
88888898919888888888998988988818888988888888888888
88888898898888888899998889199818998988888888888888
88888899988888888888988889188818998988888888888888
88888888988888888998898881898898998988888888888888
88888888888888888998898989919898998988888888888888
88888899918888888888888988188898888988888888888888
88888888888888888889989199988999889888888888888888
88888888888888888999999898999988998888888888888888
88888888888888888898888998888989888888888888888888
88888888888888888888888889988989889988888888888888
88888888888888888988898889288988898988888888888888
88888888888888888999999999999999998888888888888888
88888888888888888888888888898888889888888888888888
89889988888888888988999999989888888899888888988888
89999999988899999998999999999999999999999999999989
89999999999999999999999999999999999999999999999999
89999999999999999999999999999999999999999999999999
89999999999999999999999999999999999999999999999999
N88888888888888888888888888888888888888888888888888
88888888888888888888888888888888888888888888888888
88888888888888888888888888888888888888888888888888
88888888888888888888888888888888888888888888888888
88888888888888888888888888888888888888888888888888
88888888888888888888888888888888888888888888888888
88888888888888888888888888888888888888888888888888
88888888888888888888888888888888811188888888888888
88888888888889988888888888888998011118888888888888
88888888898989888889888889899999199918888888888888
88888888898988888889988988889991998891888888888888
88888888889888888888888881888888199818988888888888
88888888888888888888888889888819888889888888888888
88888888888888888888888888888918888889988888888888
88888888888888888888888889988988888899188888888888
88888888888888888888888889888988888918188888888888
88888888888888888888888889988888889198188888888888
88888888888888888888888819989898811099188888888888
88888888888888888888888199189991110198188888888888
88888888888888888888889889298911119198988888888888
88888888888888888888818889188811189198888888888888
88888888888888888888298889988811188188888888888888
88888888888888888881119991188982888191888888888888
88888888888888888899192119111888888901888888888888
88888888888888888999881919111111188888888888888888
88888888888888889898819210019199188888888888888888
88888888888888898888919109019189988888888888888888
88888888888911991889891888819889898888888888888888
88888888889111118819198888819889818888888888888888
88888888899981198911888888881119918888888888888888
88888888819981089188888888881918198888888888888888
88888888101110000888988988988911889888888888888888
88888898919888888888998988988818888988888888888888
88888898898888888899998889199818998988888888888888
88888899988888888888988889188818998988888888888888
88888888988888888998898881898898998988888888888888
88888888888888888998898989919898998988888888888888
88888899918888888888888988188898888988888888888888
88888888888888888889989199988999889888888888888888
88888888888888888999999898999988998888888888888888
88888888888888888898888998888989888888888888888888
88888888888888888888888889988989889988888888888888
88888888888888888988898889288988898988888888888888
88888888888888888999999999999999998888888888888888
88888888888888888888888888898888889888888888888888
89889988888888888988999999989888888899888888988888
89999999988899999998999999999999999999999999999989
89999999999999999999999999999999999999999999999999
89999999999999999999999999999999999999999999999999
89999999999999999999999999999999999999999999999999
N88888888888888888888888888888888888888888888888888
88888888888888888888888888888888888888888888888888
88888888888888888888888888888888888888888888888888
88888888888888888888888888888888888888888888888888
88888888888888888888888888888888888888888888888888
88888888888888888888888888888888188888888888888888
88888888888888888888888888888891118888888888888888
88888888888888888888888888929111110888888888888888
88888888888888888888888889819919121988888888888888
88888888888888998888988888999899988998888888888888
88888888889898988889988888989999888899888888888888
88888888889888888888998898888999888889988888888888
88888888888888888888888999889888888991988888888888
88888888888888888888888119989899911119888888888888
88888888888888888888881999119911111019888888888888
88888888888888888888888882198891110188888888888888
88888888888888888888898889188811101882888888888888
88888888888888888888198899188891191891888888888888
88888888888888888889999929198888981991888888888888
88888888888888888819111119111118910989888888888888
88888888888888888999989911112912181989888888888888
88888888888888888989889110011998211199888888888888
88888888888888881898891108111998910198888888888888
88888888888888889988911088811818998888888888888888
88888888888888892888929888881898888888888888888888
88888888888888911881188888881918899888888888888888
88888888888819119811888888888911818888888888888888
88888888888119111918888888888191918888888888888888
88888888888188111188888888888199118888888888888888
88888888889988100888888888881111118888888888888888
88888888889999088888888888889999118888888888888888
88888888881111888888988988988999889888888888888888
88888888891188888888998988988898888988888888888888
88888888881988888899998889999898998988888888888888
88888888989888888888988889888818998988888888888888
88888888999888888998898889888818998988888888888888
88888888991888888998898989989898998988888888888888
88888888899888888888888988988898888988888888888888
88888889999188888889989999989999889888888888888888
88888888099888888999999889999988998888888888888888
88888888888888888898888988888989888888888888888888
88888888888888888888888889988989889988888888888888
88888888888888888988898889998988898988888888888888
88888888888888888999999999999999998888888888888888
88888888888888888888888888888888889888888888888888
89889988888888888988999999989888888899888888988888
89999999988899999998999999999999999999999999999989
89999999999999999999999999999999999999999999999999
89999999999999999999999999999999999999999999999999
89999999999999999999999999999999999999999999999999
N88888888888888888888888888888888888888888888888888
88888888888888888888888888888888888888888888888888
88888888888888888888888888888888888888888888888888
88888888888888888888888888888888888888888888888888
88888888888888888888888888888888888888888888888888
88888888888888888888888888888811188888888888888888
88888888888888888888888888112911118888888888888888
88888888888888888888888899991199991888888888888888
88888888888888888888888999891899998988888888888888
88888888888889988888888121999999998918888888888888
88888888888889898898889891188898129191888888888888
88888888888898899898889998988899111111888888888888
88888888888988888888819921199911110011888888888888
88888888888888888888919961199921110011888888888888
88888888888888888889891611116198000011888888888888
88888888888888888891111111111198911191888888888888
88888888888888888812161111011111991999888888888888
88888888888888888196661110011166111118888888888888
88888888888888888161961101116669110198888888888888
88888888888888889969911199911669111198888888888888
88888888888888881699911129901969112188888888888888
88888888888888882189118111881919112118888888888888
88888888888888892181188888880999961118888888888888
88888888888888119991888888881121918888888888888888
88888888888889911119888888888119918888888888888888
88888888888818911908888888888199188888888888888888
88888888888819990188888888888989188888888888888888
88888888888198818888888888881991188888888888888888
88888888888188818888888888889119188888888888888888
88888888888188988888888888888899188888888888888888
88888888889181888888888888889888188888888888888888
88888888889818888888988988988919889888888888888888
88888888889198888888998988988898888988888888888888
88888888898888888899998889999898998988888888888888
88888888888188888888988889888898998988888888888888
88888888899188888998888889888898998988888888888888
88888888899188888998898989899898998988888888888888
88888888999188888888888988988898888988888888888888
88888888999188888889989999989919889888888888888888
88888888110188888999999889999918998888888888888888
88888888888888888898888988888989888888888888888888
88888888888888888888888889988989889988888888888888
88888888888888888988898889998188898988888888888888
88888888888888888999999999999999998888888888888888
88888888888888888888888888898888889888888888888888
89889988888888888988999999989888888899888888988888
89999999988888889998999999999999999999999999999989
89999999999999999999999999999999999999999999999999
89999999999999999999999999999999999999999999999999
89999999999999999999999999999999999999999999999999
N88888888888888888888888888888888888888888888888888
88888888888888888888888888888888888888888888888888
88888888888888888888888888888888888888888888888888
88888888888888888888888888888888888888888888888888
88888888888888888888888888888811888888888888888888
88888888888888888888888888888111188888888888888888
88888888888888888888888899919111118888888888888888
88888888888888888888888199991999999888888888888888
88888888888888888888888119999999988988888888888888
88888888888888888888881991219911299918888888888888
88888888888888888888899988829988119119888888888888
88888888888898888898999888889988100091888888888888
88888888888998999999919991199999100099888888888888
88888888888888888889811611116698100098888888888888
88888888888888888881111111111118911018888888888888
88888888888888888811111111111111211918888888888888
88888888888888888866166110011616111918888888888888
88888888888888888196991111111669111198888888888888
88888888888888888161961111911669619118888888888888
88888888888888881619961199101919692918888888888888
88888888888888882119911199881919991918888888888888
88888888888888892219119008880911991998888888888888
88888888888888891991088888888919910188888888888888
88888888888888991991888888888199918888888888888888
88888888888889891111888888888119918888888888888888
88888888888889829118888888888198118888888888888888
88888888888811999888888888888198118888888888888888
88888888888898891888888888888999918888888888888888
88888888888898890888888888889891918888888888888888
88888888888998818888888888889989118888888888888888
88888888888998188888888888888988898888888888888888
88888888888981888888988988988989889888888888888888
88888888888999888888998988988898888988888888888888
88888888889988888899998889999898998988888888888888
88888888888818888888988889888898998988888888888888
88888888888818888998888889888898998988888888888888
88888888889918888998898989899898998988888888888888
88888888899908888888888988988898888988888888888888
88888888899918888889989999989999889888888888888888
88888888899918888999999889999199998888888888888888
88888888819888888898888988888989988888888888888888
88888888888888888888888889988989889988888888888888
88888888888888888988898889998188898988888888888888
88888888888888888999999999999999998888888888888888
88888888888888888888888888888888889888888888888888
89889988888888888988999999989889888899888888988888
89999999988888889998999999999999999999999999999989
89999999999999999999999999999999999999999999999999
89999999999999999999999999999999999999999999999999
89999999999999999999999999999999999999999999999999
N88888888888888888888888888888888888888888888888888
88888888888888888888888888888888888888888888888888
88888888888888888888888888888888888888888888888888
88888888888888888888888888888888888888888888888888
88888888888888888888888888888811888888888888888888
88888888888888888888888888888111188888888888888888
88888888888888888888888899919111118888888888888888
88888888888888888888888199991999999888888888888888
88888888888888888888888119999999988988888888888888
88888888888888888888881991219911299918888888888888
88888888888888888888899988829988119119888888888888
88888888888898888898999888889988100091888888888888
88888888888998999999919991199999100099888888888888
88888888888888888889811611116698100098888888888888
88888888888888888881111111111118911018888888888888
88888888888888888811111111111111211918888888888888
88888888888888888866166110011616111918888888888888
88888888888888888196991111111669111198888888888888
88888888888888888161961111911669619118888888888888
88888888888888881619961199101919692918888888888888
88888888888888882119911199881919991918888888888888
88888888888888892219119008880911991998888888888888
88888888888888891991088888888919910188888888888888
88888888888888991991888888888199918888888888888888
88888888888889891111888888888119918888888888888888
88888888888889829118888888888198118888888888888888
88888888888811999888888888888198118888888888888888
88888888888898891888888888888999918888888888888888
88888888888898890888888888889891918888888888888888
88888888888998818888888888889989118888888888888888
88888888888998188888888888888988898888888888888888
88888888888981888888988988988989889888888888888888
88888888888999888888998988988898888988888888888888
88888888889988888899998889999898998988888888888888
88888888888818888888988889888898998988888888888888
88888888888818888998888889888898998988888888888888
88888888889918888998898989899898998988888888888888
88888888899908888888888988988898888988888888888888
88888888899918888889989999989999889888888888888888
88888888899918888999999889999199998888888888888888
88888888819888888898888988888989988888888888888888
88888888888888888888888889988989889988888888888888
88888888888888888988898889998188898988888888888888
88888888888888888999999999999999998888888888888888
88888888888888888888888888888888889888888888888888
89889988888888888988999999989889888899888888988888
89999999988888889998999999999999999999999999999989
89999999999999999999999999999999999999999999999999
89999999999999999999999999999999999999999999999999
89999999999999999999999999999999999999999999999999
N88888888888888888888888888888888888888888888888888
88888888888888888888888888888888888888888888888888
88888888888888888888888888888888888888888888888888
88888888888888888888888888888888888888888888888888
88888888888888888888888888881118888888888888888888
88888888888888888888888888811111888888888888888888
88888888888888888888888891911112888888888888888888
88888888888888888888881989899999919888888888888888
88888888888888888888811881891899881188888888888888
88888888888888888888899888999988889998888888888888
88888888888888888888898889999988888118888888888888
88888888888888888888988998998888889118888888888888
88888888888898889999988999899888991198888888888888
88888888888889888988812998898888921188888888888888
88888888888888888888811998898888109188888888888888
88888888888888888888811198898991116188888888888888
88888888888888888888891111211111011988888888888888
88888888888888888888819961119911911988888888888888
88888888888888888888819961119991116988888888888888
88888888888888888888929961119991111988888888888888
88888888888888888889919961119962912188888888888888
88888888888888888889111111111169811188888888888888
88888888888888888811111111111111118888888888888888
88888888888888888166161111111111611888888888888888
88888888888888888161961110011161661888888888888888
88888888888888881969911108801169191988888888888888
88888888888888889199611188880119996988888888888888
88888888888888812189119888888019916188888888888888
88888888888889911181188888888811911988888888888888
88888888888881111111888888888881919218888888888888
88888888888891991119888888888881111118888888888888
88888888888811991888988988988988889218888888888888
88888888888811110888998988988898888918888888888888
88888888888899098899998889999898918908888888888888
88888888888888988888988889888898998988888888888888
88888888888988988998888889888898998988888888888888
88888888888998988998898989899898998988888888888888
88888888888989988888888988988898888988888888888888
88888888888888988889989999989999889988888888888888
88888888888888088999999889999988999888888888888888
88888888888111188898888988888989998988888888888888
88888888888888888888888889988989889988888888888888
88888888888888888988898889998988818988888888888888
88888888888888888999999999999999998888888888888888
88888888888888888888888888888888889888888888888888
89889988888888888988999999989889888899888888988888
89999999988888889998999999999999999999999999999989
89999999999999999999999999999999999999999999999999
89999999999999999999999999999999999999999999999999
89999999999999999999999999999999999999999999999999
N88888888888888888888888888888888888888888888888888
88888888888888888888888888888888888888888888888888
88888888888888888888888888888888888888888888888888
88888888888888888888888888888888888888888888888888
88888888888888888888888888881118888888888888888888
88888888888888888888888888811111888888888888888888
88888888888888888888888891911112888888888888888888
88888888888888888888881989899999919888888888888888
88888888888888888888811881891899881188888888888888
88888888888888888888899888999988889998888888888888
88888888888888888888898889999988888118888888888888
88888888888888888888988998998888889118888888888888
88888888888898889999988999899888991198888888888888
88888888888889888988812998898888921188888888888888
88888888888888888888811998898888109188888888888888
88888888888888888888811198898991116188888888888888
88888888888888888888891111211111011988888888888888
88888888888888888888819961119911911988888888888888
88888888888888888888819961119991116988888888888888
88888888888888888888929961119991111988888888888888
88888888888888888889919961119962912188888888888888
88888888888888888889111111111169811188888888888888
88888888888888888811111111111111118888888888888888
88888888888888888166161111111111611888888888888888
88888888888888888161961110011161661888888888888888
88888888888888881969911108801169191988888888888888
88888888888888889199611188880119996988888888888888
88888888888888812189119888888019916188888888888888
88888888888889911181188888888811911988888888888888
88888888888881111111888888888881919218888888888888
88888888888891991119888888888881111118888888888888
88888888888811991888988988988988889218888888888888
88888888888811110888998988988898888918888888888888
88888888888899098899998889999898918908888888888888
88888888888888988888988889888898998988888888888888
88888888888988988998888889888898998988888888888888
88888888888998988998898989899898998988888888888888
88888888888989988888888988988898888988888888888888
88888888888888988889989999989999889988888888888888
88888888888888088999999889999988999888888888888888
88888888888111188898888988888989998988888888888888
88888888888888888888888889988989889988888888888888
88888888888888888988898889998988818988888888888888
88888888888888888999999999999999998888888888888888
88888888888888888888888888888888889888888888888888
89889988888888888988999999989889888899888888988888
89999999988888889998999999999999999999999999999989
89999999999999999999999999999999999999999999999999
89999999999999999999999999999999999999999999999999
89999999999999999999999999999999999999999999999999
N88888888888888888888888888888888888888888888888888
88888888888888888888888888888888888888888888888888
88888888888888888888888888888888888888888888888888
88888888888888888888888889111888888888888888888888
88888888888888888888888881111888888888888888888888
88888888888888888888889292111919888888888888888888
88888888888888888888819999999999198888888888888888
88888888888888888888188892999888819888888888888888
88888888888888888882988899999888899888888888888888
88888888888888888889988888998888891888888888888888
88888888888888888881299888998888912888888888888888
88888888888888888881198888998889911888888888888888
88888888888888888889998899899888882888888888888888
88888888888889888999998819989988981888888888888888
88888888888888888881919991919921191888888888888888
88888888888888888881109991219991111888888888888888
88888888888888888882129961119991111888888888888888
88888888888888888889129961119991611888888888888888
88888888888888888889816961116669891888888888888888
88888888888888888899111111111111111888888888888888
88888888888888888811111111111111121888888888888888
88888888888888888116166111001116166188888888888888
88888888888888888166661110101116666188888888888888
88888888888888889166961108980116916618888888888888
88888888888888881669961188888011991618888888888888
88888888888888881918911888888801191668888888888888
88888888888888889118118888888880181192888888888888
88888888888888811119188888888888199122888888888888
88888888888888819119188888888888811192988888888888
88888888888888111911888888888888811911188888888888
88888888888888199918888888888888881999188888888888
88888888888888119888988988988988881999988888888888
88888888888888119888998988988898888191988888888888
88888888888888199899998889999898998111188888888888
88888888888888919888988889888898998911188888888888
88888888888888888998888889888898998988988888888888
88888888888888988998898989899898998988188888888888
88888888888888199888888988988898888999988888888888
88888888888888999889989999989999889899988888888888
88888888888888889999999889999988898899888888888888
88888888888888889898888988888989988899888888888888
88888888888888911888888889988989889919888888888888
88888888888888988988898889998988898981118888888888
88888888888888888999999999999999998888888888888888
88888888888888888888888888888888889888888888888888
89889988888888888988999999989889888899888888988888
89999999988888889998999999999999999999999999999989
89999999999999999999999999999999999999999999999999
89999999999999999999999999999999999999999999999999
89999999999999999999999999999999999999999999999999
N88888888888888888888888888888888888888888888888888
88888888888888888888888888888888888888888888888888
88888888888888888888888889088888888888888888888888
88888888888888888888888811118888888888888888888888
88888888888888888888881111111118888888888888888888
88888888888888888888899991119999988888888888888888
88888888888888888889999989299999988888888888888888
88888888888888888881999989999999998888888888888888
88888888888888888811111129999121911888888888888888
88888888888888888810111991212921101888888888888888
88888888888888888811009991116991101888888888888888
88888888888888888811019991119991109888888888888888
88888888888889888892989929888999889888888888888888
88888888888888989888989998888899881888888888888888
88888888888888889919892111211111999888888888888888
88888888888888888821111111111111111888888888888888
88888888888888888811611111011161161988888888888888
88888888888888888816666111001166169188888888888888
88888888888888888119666111811119699188888888888888
88888888888888888166196119881119916128888888888888
88888888888888888166991198338111996698888888888888
88888888888888888191991183333801981918888888888888
88888888888888889921810883338880181198888888888888
88888888888888881911918893338888191199888888888888
88888888888888881119918812228888099191888888888888
88888888888888881991188888888888811198888888888888
88888888888888881891188888888888891189188888888888
88888888888888811991988888888888881891988888888888
88888888888888819889988888888888881888988888888888
88888888888888819888988888888888881888918888888888
88888888888888811982888888888888888998118888888888
88888888888888818888988988988988888998918888888888
88888888888888898888998988988898888908918888888888
88888888888888888899998889999898998989118888888888
88888888888888889888988889888898998981198888888888
88888888888888881998888889888898998981888888888888
88888888888888888998898989899898998988898888888888
88888888888888889888888988988898888989998888888888
88888888888888899889989999989999889889998888888888
88888888888888899999999889999988898881998888888888
88888888888888889898888988888989988881999888888888
88888888888888899888888889988989889981999888888888
88888888888888809988898889998988898988901888888888
88888888888888888999999999999999998888888888888888
88888888888888888888888888888888889888888888888888
89889988888888888988999999989889888899888888988888
89999999988888999998999999999999999999999999999989
89999999999999999999999999999999999999999999999999
89999999999999999999999999999999999999999999999999
89999999999999999999999999999999999999999999999999
N88888888888888888888888888888888888888888888888888
88888888888888888888888888888888888888888888888888
88888888888888888888888911188888888888888888888888
88888888888888888888888111112988888888888888888888
88888888888888888888899991199999888888888888888888
88888888888888888881999989199999988888888888888888
88888888888888888819911191119911988888888888888888
88888888888888888801119889119891218888888888888888
88888888888888888111118889198881118888888888888888
88888888888888888110118889198888008888888888888888
88888888888888888110198889118889918888888888888888
88888888888888888290989889119898898888888888888888
88888888888888889999882889991111199888888888888888
88888888888888989899898889919188899888888888888888
88888888888888898819898881118988899188888888888888
88888888888888988819899991101998988988888888888888
88888888888888888899898910981119888988888888888888
88888888888888888818898919911119898918888888888888
88888888888888888918888108888119889818888888888888
88888888888888888198189193388111989998888888888888
88888888888888888199981183338811191188888888888888
88888888888888888191911883388888199192888888888888
88888888888888888191910811198888191192888888888888
88888888888888888919119888888888811198188888888888
88888888888888888199118888888888881198988888888888
88888888888888888199118888888888889198918888888888
88888888888888889199918888888888888199118888888888
88888888888888889911818888888888888188898888888888
88888888888888889998818888888888888188898888888888
88888888888888889998908888888888888998899888888888
88888888888888888998988888888888888819811888888888
88888888888888888888988988988988888881811888888888
88888888888888888888998988988898888988919888888888
88888888888888888899998889999898998988098888888888
88888888888888888888988889888898998988998888888888
88888888888888888998888889888898998988198888888888
88888888888888888198898989899898998988188988888888
88888888888888888888888988988898888988999988888888
88888888888888888889989999989999889888999988888888
88888888888888888999999889999988898888899988888888
88888888888888888898888988888989988888999988888888
88888888888888889888888889988989889988112998888888
88888888888888881188898889998988898988889198888888
88888888888888888999999999999999998888888888888888
88888888888888888888888888888888889888888888888888
89889988888888888988999999989889888899888888988888
89999999988899999998999999999999999999999999999989
89999999999999999999999999999999999999999999999999
89999999999999999999999999999999999999999999999999
89999999999999999999999999999999999999999999999999
N88888888888888888888888888888888888888888888888888
88888888888888888888888888888888888888888888888888
88888888888888888888888911188888888888888888888888
88888888888888888888888111112988888888888888888888
88888888888888888888899991199999888888888888888888
88888888888888888881999989199999988888888888888888
88888888888888888819911191119911988888888888888888
88888888888888888801119889119891218888888888888888
88888888888888888111118889198881118888888888888888
88888888888888888110118889198888008888888888888888
88888888888888888110198889118889918888888888888888
88888888888888888290989889119898898888888888888888
88888888888888889999882889991111199888888888888888
88888888888888989899898889919188899888888888888888
88888888888888898819898881118988899188888888888888
88888888888888988819899991101998988988888888888888
88888888888888888899898910981119888988888888888888
88888888888888888818898919911119898918888888888888
88888888888888888918888108888119889818888888888888
88888888888888888198189193388111989998888888888888
88888888888888888199981183338811191188888888888888
88888888888888888191911883388888199192888888888888
88888888888888888191910811198888191192888888888888
88888888888888888919119888888888811198188888888888
88888888888888888199118888888888881198988888888888
88888888888888888199118888888888889198918888888888
88888888888888889199918888888888888199118888888888
88888888888888889911818888888888888188898888888888
88888888888888889998818888888888888188898888888888
88888888888888889998908888888888888998899888888888
88888888888888888998988888888888888819811888888888
88888888888888888888988988988988888881811888888888
88888888888888888888998988988898888988919888888888
88888888888888888899998889999898998988098888888888
88888888888888888888988889888898998988998888888888
88888888888888888998888889888898998988198888888888
88888888888888888198898989899898998988188988888888
88888888888888888888888988988898888988999988888888
88888888888888888889989999989999889888999988888888
88888888888888888999999889999988898888899988888888
88888888888888888898888988888989988888999988888888
88888888888888889888888889988989889988112998888888
88888888888888881188898889998988898988889198888888
88888888888888888999999999999999998888888888888888
88888888888888888888888888888888889888888888888888
89889988888888888988999999989889888899888888988888
89999999988899999998999999999999999999999999999989
89999999999999999999999999999999999999999999999999
89999999999999999999999999999999999999999999999999
89999999999999999999999999999999999999999999999999
N88888888888888888888888888888888888888888888888888
88888888888888888888888888888888888888888888888888
88888888888888888888881111888888888888888888888888
88888888888888888888801111888888888888888888888888
88888888888888888888119912999288888888888888888888
88888888888888888811999929919981888888888888888888
88888888888888888128889199198888188888888888888888
88888888888888881988888929988888188888888888888888
88888888888888881198888899888989288888888888888888
88888888888888881198888888888999188888888888888888
88888888888888881119988889888991988888888888888888
88888888888888881201999989989920188888888888888888
88888888888888881291112299921119188888888888888888
88888888888888888891118999188891188888888888888888
88888888888888889888888999889888198888888888888888
88888888888888899991198991991999999988888888888888
88888888888888888911129991116999188888888888888888
88888888888888888821919991111691989888888888888888
88888888888888888819881111111111111988888888888888
88888888888888888911111111111111111188888888888888
88888888888888888111111111111116616618888888888888
88888888888888888916616111001116661618888888888888
88888888888888888116666110880111696661888888888888
88888888888888888166696118888011199666888888888888
88888888888888888166691198888891199916188888888888
88888888888888889091991188888888111911288888888888
88888888888888881299991888888888801911111888888888
88888888888888881911119888888888880111199188888888
88888888888888881199118888888888888191921188888888
88888888888888889111118888888888888801999998888888
88888888888888881199918888888888888880999998888888
88888888888888881888988988988988888888119998888888
88888888888888889888998988988898888988801998888888
88888888888888888899998889999898998988880199888888
88888888888888888888188889888898998988888189888888
88888888888888888998898889888898998988888988888888
88888888888888888898898989899898998988888989888888
88888888888888888888888988988898888988888999888888
88888888888888888889999999989999889888888198988888
88888888888888888999999889999988898888888188988888
88888888888888888898888988888989988888889999988888
88888888888888888888888889988989889988888111988888
88888888888888888988898889998988898988888888988888
88888888888888888919999999999999998888888888888888
88888888888888888888888888888888889888888888888888
89889988888888888988999999989889888899888888988888
89999999988899999998999999999999999999999999999989
89999999999999999999999999999999999999999999999999
89999999999999999999999999999999999999999999999999
89999999999999999999999999999999999999999999999999
N88888888888888888888888888888888888888888888888888
88888888888888888888888888888888888888888888888888
88888888888888888888881111888888888888888888888888
88888888888888888888801111888888888888888888888888
88888888888888888888119912999288888888888888888888
88888888888888888811999929919981888888888888888888
88888888888888888128889199198888188888888888888888
88888888888888881988888929988888188888888888888888
88888888888888881198888899888989288888888888888888
88888888888888881198888888888999188888888888888888
88888888888888881119988889888991988888888888888888
88888888888888881201999989989920188888888888888888
88888888888888881291112299921119188888888888888888
88888888888888888891118999188891188888888888888888
88888888888888889888888999889888198888888888888888
88888888888888899991198991991999999988888888888888
88888888888888888911129991116999188888888888888888
88888888888888888821919991111691989888888888888888
88888888888888888819881111111111111988888888888888
88888888888888888911111111111111111188888888888888
88888888888888888111111111111116616618888888888888
88888888888888888916616111001116661618888888888888
88888888888888888116666110880111696661888888888888
88888888888888888166696118888011199666888888888888
88888888888888888166691198888891199916188888888888
88888888888888889091991188888888111911288888888888
88888888888888881299991888888888801911111888888888
88888888888888881911119888888888880111199188888888
88888888888888881199118888888888888191921188888888
88888888888888889111118888888888888801999998888888
88888888888888881199918888888888888880999998888888
88888888888888881888988988988988888888119998888888
88888888888888889888998988988898888988801998888888
88888888888888888899998889999898998988880199888888
88888888888888888888188889888898998988888189888888
88888888888888888998898889888898998988888988888888
88888888888888888898898989899898998988888989888888
88888888888888888888888988988898888988888999888888
88888888888888888889999999989999889888888198988888
88888888888888888999999889999988898888888188988888
88888888888888888898888988888989988888889999988888
88888888888888888888888889988989889988888111988888
88888888888888888988898889998988898988888888988888
88888888888888888919999999999999998888888888888888
88888888888888888888888888888888889888888888888888
89889988888888888988999999989889888899888888988888
89999999988899999998999999999999999999999999999989
89999999999999999999999999999999999999999999999999
89999999999999999999999999999999999999999999999999
89999999999999999999999999999999999999999999999999
N88888888888888888888888888888888888888888888888888
88888888888888888888119888888888888888888888888888
88888888888888888881111988888888888888888888888888
88888888888888888881111199888888888888888888888888
88888888888888888821991999999288888888888888888888
88888888888888881998999888998198888888888888888888
88888888888888899288998988198828888888888888888888
88888888888888199888889999888898888888888888888888
88888888888888199888889999888898888888888888888888
88888888888888191888888988888898888888888888888888
88888888888888119888888998888898888888888888888888
88888888888888899988888898888918888888888888888888
88888888888888899099888898888919888888888888888888
88888888888888819119888888888918888888888888888888
88888888888888898888888889988888888888888888888888
88888888888888889898889899188898988888888888888888
88888888888888888911119991199991999988888888888888
88888888888888898911119889118889888888888888888888
88888888888888818219118889118888288888888888888888
88888888888888819118198889119888998888888888888888
88888888888888881118998889119889199888888888888888
88888888888888888882889999111111111188888888888888
88888888888888888889111111111119999918888888888888
88888888888888888811929911111191989992888888888888
88888888888888888819899921001119198999288888888888
88888888888888888819819911880099198889988888888888
88888888888888888118898919888901919889998888888888
88888888888888888199888118888889191988111118888888
88888888888888888198989188888888811198911111888888
88888888888888888999199188888888888119111999188888
88888888888888888111111888888888888801901999188888
88888888888888888988188188988988889880011922218888
88888888888888888888998188988898888988101111118888
88888888888888888891198889999898998988888881188888
88888888888888888888119889888898998988888888188888
88888888888888888998818889888898998988888888188888
88888888888888888898818989899898998988888888188988
88888888888888888888988988988898888988888888198888
88888888888888888889989999989999889888888888188888
88888888888888888999999899999988898888888888188888
88888888888888888898888999888989988888888888129998
88888888888888888888888889988989889988888888881188
88888888888888888988898889998988898988888888888888
88888888888888888999911199999999998888888888888888
88888888888888888888888888898888889888888888888888
89889988888888888988999999989889888899888888988888
89999999988899999998999999999999999999999999999989
89999999999999999999999999999999999999999999999999
89999999999999999999999999999999999999999999999999
89999999999999999999999999999999999999999999999999
N88888888888888888888888888888888888888888888888888
88888888888888888888119888888888888888888888888888
88888888888888888881111988888888888888888888888888
88888888888888888881111199888888888888888888888888
88888888888888888821991999999288888888888888888888
88888888888888881998999888998198888888888888888888
88888888888888899288998988198828888888888888888888
88888888888888199888889999888898888888888888888888
88888888888888199888889999888898888888888888888888
88888888888888191888888988888898888888888888888888
88888888888888119888888998888898888888888888888888
88888888888888899988888898888918888888888888888888
88888888888888899099888898888919888888888888888888
88888888888888819119888888888918888888888888888888
88888888888888898888888889988888888888888888888888
88888888888888889898889899188898988888888888888888
88888888888888888911119991199991999988888888888888
88888888888888898911119889118889888888888888888888
88888888888888818219118889118888288888888888888888
88888888888888819118198889119888998888888888888888
88888888888888881118998889119889199888888888888888
88888888888888888882889999111111111188888888888888
88888888888888888889111111111119999918888888888888
88888888888888888811929911111191989992888888888888
88888888888888888819899921001119198999288888888888
88888888888888888819819911880099198889988888888888
88888888888888888118898919888901919889998888888888
88888888888888888199888118888889191988111118888888
88888888888888888198989188888888811198911111888888
88888888888888888999199188888888888119111999188888
88888888888888888111111888888888888801901999188888
88888888888888888988188188988988889880011922218888
88888888888888888888998188988898888988101111118888
88888888888888888891198889999898998988888881188888
88888888888888888888119889888898998988888888188888
88888888888888888998818889888898998988888888188888
88888888888888888898818989899898998988888888188988
88888888888888888888988988988898888988888888198888
88888888888888888889989999989999889888888888188888
88888888888888888999999899999988898888888888188888
88888888888888888898888999888989988888888888129998
88888888888888888888888889988989889988888888881188
88888888888888888988898889998988898988888888888888
88888888888888888999911199999999998888888888888888
88888888888888888888888888898888889888888888888888
89889988888888888988999999989889888899888888988888
89999999988899999998999999999999999999999999999989
89999999999999999999999999999999999999999999999999
89999999999999999999999999999999999999999999999999
89999999999999999999999999999999999999999999999999
N88888888888888888911188888888888888888888888888888
88888888888888888111118999888888888888888888888888
88888888888888889111112199998888888888888888888888
88888888888888891999999199899888888888888888888888
88888888888888918899998999991188888888888888888888
88888888888888198899991291211699888888888888888888
88888888888881119911116991111699888888888888888888
88888888888891211111116996111699188888888888888888
88888888888819100111116999111699628888888888888888
88888888888811100111116999111699699888888888888888
88888888888881900001981699111111918988888888888888
88888888888881610000888911111111111188888888888888
88888888888881961991881111111111611618888888888888
88888888888881991191111111101111661191888888888888
88888888888881191199916111992119696966888888888888
88888888888881128988889899819899898886188888888888
88888888888888999889999199819981998881698888888888
88888888888888819191199191992181111981628888888888
88888888888888811181199191911188111281219888888888
88888888888888911181096681111088891199111888888888
88888888888888211181091991888888889118981998888888
88888888888888918881091911888888888919999999888888
88888888888888888881199191888888888801919198988888
88888888888888888888919111888888888881019998998888
88888888888888888888011991888888888888881999918888
88888888888888888888811989188888888888881918999888
88888888888888888888811199188888888888888118881888
88888888888888888888811911918888888888888018889888
88888888888888888888811998918888888888888819889988
88888888888888888888881998918888888888888889198988
88888888888888888888881919818888888888888888818988
88888888888888888888988998988988889888888888881888
88888888888888888888988188988898888988888888881199
88888888888888888899998889999898998988888888888998
88888888888888888888988889188898998988888888888188
88888888888888888998898889988898998988888888888198
88888888888888888998898989999898998988888888888199
88888888888888888888988988988898888988888888888199
88888888888888888889989999989999889888888888888199
88888888888888888999999889999988898888888888881199
88888888888888888898888999988989988888888888888100
88888888888888888888888889988989889988888888888888
88888888888888888988898889998988898988888888888888
88888888888888888999999999219999998888888888888888
88888888888888888888888801998888889888888888888888
89889988888888888988999888989889888899888888888888
89999999988899999998999998999999999999999999989989
89999999999999999999999999999999999999999999999999
89999999999999999999999999999999999999999999999999
89999999999999999999999999999999999999999999999999
N88888888888888888911188888888888888888888888888888
88888888888888888111118999888888888888888888888888
88888888888888889111112199998888888888888888888888
88888888888888891999999199899888888888888888888888
88888888888888918899998999991188888888888888888888
88888888888888198899991291211699888888888888888888
88888888888881119911116991111699888888888888888888
88888888888891211111116996111699188888888888888888
88888888888819100111116999111699628888888888888888
88888888888811100111116999111699699888888888888888
88888888888881900001981699111111918988888888888888
88888888888881610000888911111111111188888888888888
88888888888881961991881111111111611618888888888888
88888888888881991191111111101111661191888888888888
88888888888881191199916111992119696966888888888888
88888888888881128988889899819899898886188888888888
88888888888888999889999199819981998881698888888888
88888888888888819191199191992181111981628888888888
88888888888888811181199191911188111281219888888888
88888888888888911181096681111088891199111888888888
88888888888888211181091991888888889118981998888888
88888888888888918881091911888888888919999999888888
88888888888888888881199191888888888801919198988888
88888888888888888888919111888888888881019998998888
88888888888888888888011991888888888888881999918888
88888888888888888888811989188888888888881918999888
88888888888888888888811199188888888888888118881888
88888888888888888888811911918888888888888018889888
88888888888888888888811998918888888888888819889988
88888888888888888888881998918888888888888889198988
88888888888888888888881919818888888888888888818988
88888888888888888888988998988988889888888888881888
88888888888888888888988188988898888988888888881199
88888888888888888899998889999898998988888888888998
88888888888888888888988889188898998988888888888188
88888888888888888998898889988898998988888888888198
88888888888888888998898989999898998988888888888199
88888888888888888888988988988898888988888888888199
88888888888888888889989999989999889888888888888199
88888888888888888999999889999988898888888888881199
88888888888888888898888999988989988888888888888100
88888888888888888888888889988989889988888888888888
88888888888888888988898889998988898988888888888888
88888888888888888999999999219999998888888888888888
88888888888888888888888801998888889888888888888888
89889988888888888988999888989889888899888888888888
89999999988899999998999998999999999999999999989989
89999999999999999999999999999999999999999999999999
89999999999999999999999999999999999999999999999999
89999999999999999999999999999999999999999999999999
N88888888888888801118888888888888888888888888888888
88888888888888111111889888888888888888888888888888
88888888888888111111299299988888888888888888888888
88888888888888122219199188898888888888888888888888
88888888888881188899199999889888888888888888888888
88888888888811888888918988999888888888888888888888
88888888888191888888889888999888888888888888888888
88888888888999988888888988891888888888888888888888
88888888888919998888888888991888888888888888888888
88888888888111119299999899911188888888888888888888
88888888888199001111111991919899888888888888888888
88888888888199001111119889129888988888888888888888
88888888888998910119119888299888888888888888888888
88888888888918919001118888929888818888888888888888
88888888888998818910118888912888999888888888888888
88888888888891918911889888888999911198888888888888
88888888888899918989899998889991198898888888888888
88888888888818918898898819881998988898888888888888
88888888888818918981191191101199988898988888888888
88888888888809199891989191100111918889898888888888
88888888888889108899988191188019919888981888888888
88888888888888888819988181988891191888819988888888
88888888888888888819988981888888919198819998888888
88888888888888888819288981888888880199881111998888
88888888888888888819188180888888888811189911992888
88888888888888888891181181888888888880191111991188
88888888888888888889181919888888888888019111188998
88888888888888888881191191888888888888810001188898
88888888888888888880011299198888888888888880188899
88888888888888888888111911188888888888888888119989
88888888888888888888011199991888888888888888881119
88888888888888888888989198988988889888888888888811
88888888888888888888988188988898888988888888888881
88888888888888888899998889999898998988888888888881
88888888888888888888988881988898998988888888888888
88888888888888888998898889198898998988888888888888
88888888888888888998898989911898998988888888888888
88888888888888888888988988988898888988888888888888
88888888888888888889989999989999889888888888888881
88888888888888888999999889999999998888888888888881
88888888888888888898888998888989988888888888888888
88888888888888888888888889988989889988888888888888
88888888888888888988898889988988898988888888888888
88888888888888888999999999999919998888888888888888
88888888888888888888888888811888889888888888888888
89889988888888888988999899888988888899888888888888
89999999988899999998999999999999999999999999999989
89999999999999999999999999999999999999999999999999
89999999999999999999999999999999999999999999999999
89999999999999999999999999999999999999999999999999
N88888888888888801118888888888888888888888888888888
88888888888888111111889888888888888888888888888888
88888888888888111111299299988888888888888888888888
88888888888888122219199188898888888888888888888888
88888888888881188899199999889888888888888888888888
88888888888811888888918988999888888888888888888888
88888888888191888888889888999888888888888888888888
88888888888999988888888988891888888888888888888888
88888888888919998888888888991888888888888888888888
88888888888111119299999899911188888888888888888888
88888888888199001111111991919899888888888888888888
88888888888199001111119889129888988888888888888888
88888888888998910119119888299888888888888888888888
88888888888918919001118888929888818888888888888888
88888888888998818910118888912888999888888888888888
88888888888891918911889888888999911198888888888888
88888888888899918989899998889991198898888888888888
88888888888818918898898819881998988898888888888888
88888888888818918981191191101199988898988888888888
88888888888809199891989191100111918889898888888888
88888888888889108899988191188019919888981888888888
88888888888888888819988181988891191888819988888888
88888888888888888819988981888888919198819998888888
88888888888888888819288981888888880199881111998888
88888888888888888819188180888888888811189911992888
88888888888888888891181181888888888880191111991188
88888888888888888889181919888888888888019111188998
88888888888888888881191191888888888888810001188898
88888888888888888880011299198888888888888880188899
88888888888888888888111911188888888888888888119989
88888888888888888888011199991888888888888888881119
88888888888888888888989198988988889888888888888811
88888888888888888888988188988898888988888888888881
88888888888888888899998889999898998988888888888881
88888888888888888888988881988898998988888888888888
88888888888888888998898889198898998988888888888888
88888888888888888998898989911898998988888888888888
88888888888888888888988988988898888988888888888888
88888888888888888889989999989999889888888888888881
88888888888888888999999889999999998888888888888881
88888888888888888898888998888989988888888888888888
88888888888888888888888889988989889988888888888888
88888888888888888988898889988988898988888888888888
88888888888888888999999999999919998888888888888888
88888888888888888888888888811888889888888888888888
89889988888888888988999899888988888899888888888888
89999999988899999998999999999999999999999999999989
89999999999999999999999999999999999999999999999999
89999999999999999999999999999999999999999999999999
89999999999999999999999999999999999999999999999999
N88888888888801118888888888888888888888888888888888
88888888888911111888998888888888888888888888888888
88888888888111192199999998888888888888888888888888
88888888888111119918888891888888888888888888888888
88888888888119889998889988988888888888888888888888
88888888881992889192881888988888888888888888888888
88888888898819888998889888888888888888888888888888
88888888818898888889189888898888888888888888888888
88888888819198888888188889898888888888888888888888
88888888811199888888818888918888888888888888888888
88888888811999888888898888918888888888888888888888
88888888889891988888889888998888888888888888888888
88888888889991199888888888998888888888888888888888
88888888881991111988888188991888888888888888888888
88888888881891811199898888991888888888888888888888
88888888881811981111199919119918888888888888888888
88888888881889980191989999288899998889988888888888
88888888881889888898989989888899998889988888888888
88888888881881189999889889888998898889888888888888
88888888889191088811119888919888999988888888888888
88888888888190988881999888911999111198888888888888
88888888888898888881988999111111999199988888888888
88888888888888888881881111111199188899998888888888
88888888888888888881812191111299899888989888888888
88888888888888888881199191101119929988889988888888
88888888888888888881198999191111991988889199811918
88888888888888888881198999188890119998988911119911
88888888888888888881998889088888890119998881111899
88888888888888888889898889188888888801199811111889
88888888888888888889898119988888888888009199011999
88888888888888888882898111219888888888810000001111
88888888888888888888988118988988889888888919888888
88888888888888888888998188988898888988888888888888
88888888888888888899118889999898998988888888888888
88888888888888888888909881188898998988888888888888
88888888888888888998818881198898998988888888888888
88888888888888888998898989111898998988888888888888
88888888888888888888988988988898888988888888888888
88888888888888888889989999988991889988888888888888
88888888888888888999999889999998189188888888888888
88888888888888888898888998888989189988888888888888
88888888888888888888888889988989889988888888888888
88888888888888888988898889988988898988888888888888
88888888888888888999999999999999198988888888888888
88888888888888888888888888888881999888888888888888
89889988888888888988999899889998888899888888888888
89999999988899999998999999999999999999999999989989
89999999999999999999999999999999999999999999999999
89999999999999999999999999999999999999999999999999
89999999999999999999999999999999999999999999999999
N88888888888801118888888888888888888888888888888888
88888888888911111888998888888888888888888888888888
88888888888111192199999998888888888888888888888888
88888888888111119918888891888888888888888888888888
88888888888119889998889988988888888888888888888888
88888888881992889192881888988888888888888888888888
88888888898819888998889888888888888888888888888888
88888888818898888889189888898888888888888888888888
88888888819198888888188889898888888888888888888888
88888888811199888888818888918888888888888888888888
88888888811999888888898888918888888888888888888888
88888888889891988888889888998888888888888888888888
88888888889991199888888888998888888888888888888888
88888888881991111988888188991888888888888888888888
88888888881891811199898888991888888888888888888888
88888888881811981111199919119918888888888888888888
88888888881889980191989999288899998889988888888888
88888888881889888898989989888899998889988888888888
88888888881881189999889889888998898889888888888888
88888888889191088811119888919888999988888888888888
88888888888190988881999888911999111198888888888888
88888888888898888881988999111111999199988888888888
88888888888888888881881111111199188899998888888888
88888888888888888881812191111299899888989888888888
88888888888888888881199191101119929988889988888888
88888888888888888881198999191111991988889199811918
88888888888888888881198999188890119998988911119911
88888888888888888881998889088888890119998881111899
88888888888888888889898889188888888801199811111889
88888888888888888889898119988888888888009199011999
88888888888888888882898111219888888888810000001111
88888888888888888888988118988988889888888919888888
88888888888888888888998188988898888988888888888888
88888888888888888899118889999898998988888888888888
88888888888888888888909881188898998988888888888888
88888888888888888998818881198898998988888888888888
88888888888888888998898989111898998988888888888888
88888888888888888888988988988898888988888888888888
88888888888888888889989999988991889988888888888888
88888888888888888999999889999998189188888888888888
88888888888888888898888998888989189988888888888888
88888888888888888888888889988989889988888888888888
88888888888888888988898889988988898988888888888888
88888888888888888999999999999999198988888888888888
88888888888888888888888888888881999888888888888888
89889988888888888988999899889998888899888888888888
89999999988899999998999999999999999999999999989989
89999999999999999999999999999999999999999999999999
89999999999999999999999999999999999999999999999999
89999999999999999999999999999999999999999999999999
N88888888801211199999199988888888888888888888888888
88888888801111119999199999888888888888888888888888
88888888801199999999919999188888888888888888888888
88888888801988888899989999111218888888888888888888
88888888811888889899911991911699888888888888888888
88888888119998899111116699111699988888888888888888
88888889919999911111111699611199918888888888888888
88888881919111111119111699911169961888888888888888
88888881219100111112111699911166619988888888888888
88888881191000011111999169911111111118888888888888
88888889191000000010988891110111111111888888888888
88888888166011100000988891110111166616688888888888
88888888169119188889988111110111616961628888888888
88888888119919888889981111110111161699162888888888
88888888116111188899911661218011211699916288888888
88888888991111811899921699118891111199981118888888
88888888891119911109111699169888111619988111888888
88888888898118888998129999918898981111998121988888
88888888818118888399999998988898989889919998191988
88888888818119882381188188988889889989191898999989
88888888819118889339319299119888888888101288199998
88888888881108828333319819111888888888890019119998
88888888888888888033099818111188888888888111119998
88888888888888888888880919999998888888888888881998
88888888888888888888888120199989888888888888889118
88888888888888888888888809119988988888888888888219
88888888888888888888888881119199918888888888888881
88888888888888888888888881111981111888888888888888
88888888888888888888888888911218989888888888888888
88888888888888888888888888889918898888888888888888
88888888888888888888888888888199899988888888888888
88888888888888888888988888988919881988888888888888
88888888888888888888988988988898888198888888888888
88888888888888888899998889999898998998888888888888
88888888888888888888988889888898918999988888888888
88888888888888888998898889888898998988898888888888
88888888888888888998898989899898998989989888888888
88888888888888888888988988988898888999889888888888
88888888888888888889989999988999889891891888888888
88888888888888888999999889999988998899918888888888
88888888888888888898888998888989988919918888888888
88888888888888888888888889988989889918198888888888
88888888888888888988898889988988898918188888888888
88888888888888888999999999999999998181888888888888
88888888888888888888888888888888881118888888888888
89889988888888888988999899889989888888888888888888
89999999988899999998999999999999999999999999989989
89999999999999999999999999999999999999999999999999
89999999999999999999999999999999999999999999999999
89999999999999999999999999999999999999999999999999
N88888888801211199999199988888888888888888888888888
88888888801111119999199999888888888888888888888888
88888888801199999999919999188888888888888888888888
88888888801988888899989999111218888888888888888888
88888888811888889899911991911699888888888888888888
88888888119998899111116699111699988888888888888888
88888889919999911111111699611199918888888888888888
88888881919111111119111699911169961888888888888888
88888881219100111112111699911166619988888888888888
88888881191000011111999169911111111118888888888888
88888889191000000010988891110111111111888888888888
88888888166011100000988891110111166616688888888888
88888888169119188889988111110111616961628888888888
88888888119919888889981111110111161699162888888888
88888888116111188899911661218011211699916288888888
88888888991111811899921699118891111199981118888888
88888888891119911109111699169888111619988111888888
88888888898118888998129999918898981111998121988888
88888888818118888399999998988898989889919998191988
88888888818119882381188188988889889989191898999989
88888888819118889339319299119888888888101288199998
88888888881108828333319819111888888888890019119998
88888888888888888033099818111188888888888111119998
88888888888888888888880919999998888888888888881998
88888888888888888888888120199989888888888888889118
88888888888888888888888809119988988888888888888219
88888888888888888888888881119199918888888888888881
88888888888888888888888881111981111888888888888888
88888888888888888888888888911218989888888888888888
88888888888888888888888888889918898888888888888888
88888888888888888888888888888199899988888888888888
88888888888888888888988888988919881988888888888888
88888888888888888888988988988898888198888888888888
88888888888888888899998889999898998998888888888888
88888888888888888888988889888898918999988888888888
88888888888888888998898889888898998988898888888888
88888888888888888998898989899898998989989888888888
88888888888888888888988988988898888999889888888888
88888888888888888889989999988999889891891888888888
88888888888888888999999889999988998899918888888888
88888888888888888898888998888989988919918888888888
88888888888888888888888889988989889918198888888888
88888888888888888988898889988988898918188888888888
88888888888888888999999999999999998181888888888888
88888888888888888888888888888888881118888888888888
89889988888888888988999899889989888888888888888888
89999999988899999998999999999999999999999999989989
89999999999999999999999999999999999999999999999999
89999999999999999999999999999999999999999999999999
89999999999999999999999999999999999999999999999999
N88888880121119999991989888888888888888888888888888
88888880111111119991999988888888888888888888888888
88888880911199999999988899888888888888888888888888
88888880119888888899198899988888888888888888888888
88888881919888888888888899188888888888888888888888
88888899998888888899988989119998888888888888888888
88888818198988899899112999199888988888888888888888
88888898189999911111119888919988888888888888888888
88888899911111111111919888819988898888888888888888
88888811910001111111119888891988882888888888888888
88888811890000111119111988891199891198888888888888
88888888880110000111989988891111111111888888888888
88888889889911001010988881911111999119988888888888
88888889988188298880988891110229998889998888888888
88888881188198238999988111110119982888989888888888
88888881898189133891981991910111929988898988888888
88888888899191133919911988929111291988888998888888
88888888989188813111911988991881029918888919888888
88888888989188888889988888888918888899888892198888
88888888188188888888999888989198888899889899811299
88888888099188888888919998819988989989119289899999
88888888811088888888199898818888888888901188911999
88888888888888888888819818891188888888880011811999
88888888888888888888809818891188888888888900000199
88888888888888888888881919811198888888888888888911
88888888888888888888881981899999988888888888888880
88888888888888888888888119122998891888888888888888
88888888888888888888888801211119991288888888888888
88888888888888888888888880211129899998888888888888
88888888888888888888888888911119189998888888888888
88888888888888888888888888891219982999888888888888
88888888888888888888988888988911888899988888888888
88888888888888888888988988988898888981198888888888
88888888888888888899998889999898998998119888888888
88888888888888888888988889888898998999999898888888
88888888888888888998898889888898998919981889888888
88888888888888888998898989899898998981181889888888
88888888888888888888988988988898888988191891888888
88888888888888888889989999988999889988991918888888
88888888888888888999999889999988998888819918888888
88888888888888888898888998888989988888818918888888
88888888888888888888888889988989889988818188888888
88888888888888888988898889988988898988199188888888
88888888888888888999999999999999998981181888888888
88888888888888888888888888888888889881118888888888
89889988888888888988999899889989889888889988988888
89999999988899999998999999999999999999999999999889
89999999999999999999999999999999999999999999999999
89999999999999999999999999999999999999999999999999
89999999999999999999999999999999999999999999999999
N88888811211888829919888888888888888888888888888888
88888111191199998999988888888888888888888888888888
88888119919199998888889888888888888888888888888888
88888119199889998881288888888888888888888888888888
88888811199999119888888988888888888888888888888888
88888899919888999289888898888888888888888888888888
88888988899888888299888998888888888888888888888888
88888988998888888818888998888888888888888888888888
88889189198888888881888891888888888888888888888888
88888191918888888888188899888888888888888888888888
88888119892888888888898899888888888888888888888888
88888818891199888888888899188888888888888888888888
88888828891111998888988889911988888888888888888888
88888899991011119988998889119898888888888888888888
88888821991191111199119991999888988888888888888888
88888889891819111991198888999888818888888888888888
88888889891991211981118888919988891888888888888888
88888882881888881191119888819988811198888888888888
88888881881888888119819888891889111919999888888888
88888881981988888918989899818889999188899888888888
88888880291988888898998898819889988888898988888888
88888888110888888881988911110999889988889818888888
88888888888888888881981111110129999988888819988919
88888888888888888881911981911111298928888881111111
88888888888888888889911888128811119998998881981991
88888888888888888889111888992888880011998988991192
88888888888888888888198988881888888881111198811111
88888888888888888888198188899888888888810111111101
88888888888888888888191988819888888888888101101888
88888888888888888888218818811911198888888888888888
88888888888888888888819818911199911188888888888888
88888888888888888888998998988129889998888888888888
88888888888888888888998988988898888991198888888888
88888888888888888899998889919818918989189999888888
88888888888888888888988881188898998999999198988888
88888888888888888998898881188898918999998998988888
88888888888888888998898989111898998911999998988888
88888888888888888888988988988898888988819199188888
88888888888888888889989999988999989988881989188888
88888888888888888999999889999988998888881189988888
88888888888888888898888998888989988888888189888888
88888888888888888888888889988989889988889181888888
88888888888888888988898889988988898988881991888888
88888888888888888999999999999999998988811998888888
88888888888888888888888888888888889888811188888888
89889988888888888988999899889989889899988899998888
89999999988899999998999999999999999999999999999989
89999999999999999999999999999999999999999999999999
89999999999999999999999999999999999999999999999999
89999999999999999999999999999999999999999999999999
N88880111118888299198888888888888888888888888888888
88881111111929989999888888888888888888888888888888
88880999199999888888888888888888888888888888888888
88880991199999988819888888888888888888888888888888
88880111999119998899888888888888888888888888888888
88881999929889119888888988888888888888888888888888
88881988999888999988888988888888888888888888888888
88889888998888889188889998888888888888888888888888
88889891988888888918888918888888888888888888888888
88881991988888888899888998888888888888888888888888
88889118898888888889888898888888888888888888888888
88888188912888888888988891888888888888888888888888
88888988811199888888818899888888888888888888888888
88888999990111988888881899188888888888888888888888
88888819991011199888988881119988888888888888888888
88888818999111111911991019199889888888888888888888
88888818828911111119199989199888988888888888888888
88888818828888111991198888919888829888888888888888
88888818898888811281119888918988811198888888888888
88888819891888881191998888888899888889988888888888
88888801910888888119899988898291889989988988888888
88888881908888888809898889911119199888999988888888
88888888888888888881998891110999888988889999888891
88888888888888888881988111110199999998888891999111
88888888888888888882981991910112988919888889111192
88888888888888888889211988190111129998818888981119
88888888888888888888111988991888900011999898811111
88888888888888888888198188819888888891019991988111
88888888888888888888192898899188888888890111100088
88888888888888888888098808881988888888888810118888
88888888888888888888819918891191991188888888888888
88888888888888888888988998988129881199888888888888
88888888888888888888988988988828888999211998888888
88888888888888888899998889199818998988810899998888
88888888888888888888988889988898998999989989889888
88888888888888888998898881198898998999999989989888
88888888888888888998898989119818918911019999991888
88888888888888888888988988988898888988888199991888
88888888888888888889989999988999989988888819891888
88888888888888888999999889999988998888888811899888
88888888888888888898888998888989988888888881899888
88888888888888888888888889988989889988888811818888
88888888888888888988898889988988898988888811898888
88888888888888888999999999999999998988888119988888
88888888888888888888888888888888889888888919888888
89889988888888888988999899889989889899999998999888
89999999988899999998999999999999999999999999999999
89999999999999999999999999999999999999999999999999
89999999999999999999999999999999999999999999999999
89999999999999999999999999999999999999999999999999
N88880111118888299198888888888888888888888888888888
88881111111929989999888888888888888888888888888888
88880999199999888888888888888888888888888888888888
88880991199999988819888888888888888888888888888888
88880111999119998899888888888888888888888888888888
88881999929889119888888988888888888888888888888888
88881988999888999988888988888888888888888888888888
88889888998888889188889998888888888888888888888888
88889891988888888918888918888888888888888888888888
88881991988888888899888998888888888888888888888888
88889118898888888889888898888888888888888888888888
88888188912888888888988891888888888888888888888888
88888988811199888888818899888888888888888888888888
88888999990111988888881899188888888888888888888888
88888819991011199888988881119988888888888888888888
88888818999111111911991019199889888888888888888888
88888818828911111119199989199888988888888888888888
88888818828888111991198888919888829888888888888888
88888818898888811281119888918988811198888888888888
88888819891888881191998888888899888889988888888888
88888801910888888119899988898291889989988988888888
88888881908888888809898889911119199888999988888888
88888888888888888881998891110999888988889999888891
88888888888888888881988111110199999998888891999111
88888888888888888882981991910112988919888889111192
88888888888888888889211988190111129998818888981119
88888888888888888888111988991888900011999898811111
88888888888888888888198188819888888891019991988111
88888888888888888888192898899188888888890111100088
88888888888888888888098808881988888888888810118888
88888888888888888888819918891191991188888888888888
88888888888888888888988998988129881199888888888888
88888888888888888888988988988828888999211998888888
88888888888888888899998889199818998988810899998888
88888888888888888888988889988898998999989989889888
88888888888888888998898881198898998999999989989888
88888888888888888998898989119818918911019999991888
88888888888888888888988988988898888988888199991888
88888888888888888889989999988999989988888819891888
88888888888888888999999889999988998888888811899888
88888888888888888898888998888989988888888881899888
88888888888888888888888889988989889988888811818888
88888888888888888988898889988988898988888811898888
88888888888888888999999999999999998988888119988888
88888888888888888888888888888888889888888919888888
89889988888888888988999899889989889899999998999888
89999999988899999998999999999999999999999999999999
89999999999999999999999999999999999999999999999999
89999999999999999999999999999999999999999999999999
89999999999999999999999999999999999999999999999999
N88888888888888888888888888888888888888888888888888
88888888888888888888888888888888888888888888888888
88888888888888888888888888888888888888888888888888
88888888888888888888888888888888888888888888888888
88888888888888888888888888888888888888888888888888
88888888888888888888888888888888888888888888888888
88888888888888888888888888888888888888888888888888
88888888888888888888888888888888888888888888888888
88888888888888888888888888888888888888888888888888
88888888888888888888888888888888888888888888888888
88888888888888888888888888888888888888888888888888
88888888888888888888888888888888888888888888888888
88888888888888888888888888888888888888888888888888
88888888888888888888888888888888888888888888888888
88888888888888888888888888888888888888888888888888
88888888888888888888888888888888888888888888888888
88888888888888888888888888888888888888988888888888
88888888888888888888888888888888812922221888888888
88888888888888888888888888888888198882111888888888
88888888888888888000088888888888889989998988888888
88888888888888880000189888888998988898988888888888
88888888888888880000188929899998188818988888888888
88888888888888810000192998911199111111111988888888
88888888888888810001112098919998999001112998888888
88888888888888890981001099169698889001019998888888
88888888888888880000000011116619999101212918888888
88888888888888880000000111161111991000911918888888
88888888888888891011100001116910111001911918888888
88888888888888811100100111199610100111912928888888
88888888888888966990001111191110001110116928888888
88888888888888969998000010191910191111166928888888
88888888888889999988199088988219881111166299888888
88888888888881999888198188988898888211111691888888
88888888888111891899118889919898918111911991988988
88888888811111818888999889188898918911911119199119
88889999111111289998898889998898998911111119922111
99111990111919999918898989119898998110101899921111
99991189111112121888988188188898888111111111119999
88888888888988888889989919988999989988888888119888
88888888888888888999999822989988998888888888888888
88888888888888888898888921988989988888888888888888
88888888888888888888888889988989889988888888888888
88888888888888888988898889988988898988888888888888
88888888888888888999999992999999998988888888888888
88888888888888888888888888888888889888888888888888
89888888888888888988999899889989889899999889899988
89999999888899889998999999999999999999999999999999
89999999999999999999999999999999999999999999999999
89999999999999999999999999999999999999999999999999
89999999999999999999999999999999999999999999999999
N88888888888888888888888888888888888888888888888888
88888888888888888888888888888888888888888888888888
88888888888888888888888888888888888888888888888888
88888888888888888888888888888888888888888888888888
88888888888888888888888888888888888888888888888888
88888888888888888888888888888888888888888888888888
88888888888888888888888888888888888888888888888888
88888888888888888888888888888888888888888888888888
88888888888888888888888888888888888888888888888888
88888888888888888888888888888888888888888888888888
88888888888888888888888888888888888888888888888888
88888888888888888888888888888888888888888888888888
88888888888888888888888888888888888888888888888888
88888888888888888888888888888888888888888888888888
88888888888888888888888888888888888888888888888888
88888888888888888888888888888888888888888888888888
88888888888888888888888888888888888888988888888888
88888888888888888888888888888888812922221888888888
88888888888888888888888888888888198882111888888888
88888888888888888000088888888888889989998988888888
88888888888888880000189888888998988898988888888888
88888888888888880000188929899998188818988888888888
88888888888888810000192998911199111111111988888888
88888888888888810001112098919998999001112998888888
88888888888888890981001099169698889001019998888888
88888888888888880000000011116619999101212918888888
88888888888888880000000111161111991000911918888888
88888888888888891011100001116910111001911918888888
88888888888888811100100111199610100111912928888888
88888888888888966990001111191110001110116928888888
88888888888888969998000010191910191111166928888888
88888888888889999988199088988219881111166299888888
88888888888881999888198188988898888211111691888888
88888888888111891899118889919898918111911991988988
88888888811111818888999889188898918911911119199119
88889999111111289998898889998898998911111119922111
99111990111919999918898989119898998110101899921111
99991189111112121888988188188898888111111111119999
88888888888988888889989919988999989988888888119888
88888888888888888999999822989988998888888888888888
88888888888888888898888921988989988888888888888888
88888888888888888888888889988989889988888888888888
88888888888888888988898889988988898988888888888888
88888888888888888999999992999999998988888888888888
88888888888888888888888888888888889888888888888888
89888888888888888988999899889989889899999889899988
89999999888899889998999999999999999999999999999999
89999999999999999999999999999999999999999999999999
89999999999999999999999999999999999999999999999999
89999999999999999999999999999999999999999999999999
N88888888888888888888888888888888888888888888888888
88888888888888888888888888888888888888888888888888
88888888888888888888888888888888888888888888888888
88888888888888888888888888888888888888888888888888
88888888888888888888888888888888888888888888888888
88888888888888888888888888888888888888888888888888
88888888888888888888888888888888888888888888888888
88888888888888888888888888888888888888888888888888
88888888888888888888888888888888888888888888888888
88888888888888888888888888888888888888888888888888
88888888888888888888888888888888888888888888888888
88888888888888888888888888888888888888888888888888
88888888888888888888888888888888888888888888888888
88888888888888888888888888888888888888888888888888
88888888888888888888888888888888888888888888888888
88888888888888888888888888888888888888888888888888
88888888888880088888888888888888888888888888888888
88888888888000009888888888888888889888888888888888
88888888888000010991999991111111111118888888888888
88888888880000010099888892119001111910888888888888
88888888880000010919888899911118899911888998888888
88888888880000010111989898998188899992888998888888
88888888880008100101189999998198911982888988888888
88888888889011000001119999911011011992998888888888
88888888888000000000099116611010000929218888888888
88888888888000110011111111111110001921198888888888
88888888888800100011911111112100001991291888888888
88888888888812000011111119199010000191291888888888
88888888888929801000100019199011111161191888888888
88888888888269901100888819191111111111199188888888
88888888888169910100888819691191111116119088888888
88888888888199181988988988988122881011119188888888
88888888888199088888988988988818888191211121889888
88888888881129188891998889919818918121111111989188
88888889111119888888999889988898198911111119291111
88992291011111899998898889998898118901111199111111
81100091011119811018818989911898918100111991111101
88888888811108888888988988188898888988888119988888
88888888888888888889989998988999989988888888888888
88888888888888888999999889899988998888888888888888
88888888888888888898888988888989988888888888888888
88888888888888888888888889988989889988888888888888
88888888888888888988898889988988898988888888888888
88888888888888888999999999999999998988888888888888
88888888888888888888888888888888889888888888888888
89888888888888888988999899889989889899999889899988
89999999888899889998999999999999999999999999999999
89999999999999999999999999999999999999999999999999
89999999999999999999999999999999999999999999999999
89999999999999999999999999999999999999999999999999
N88888888888888888888888888888888888888888888888888
88888888888888888888888888888888888888888888888888
88888888888888888888888888888888888888888888888888
88888888888888888888888888888888888888888888888888
88888888888888888888888888888888888888888888888888
88888888888888888888888888888888888888888888888888
88888888888888888888888888888888888888888888888888
88888888888888888888888888888888888888888888888888
88888888888888888888888888888888888888888888888888
88888888888888888888888888888888888888888888888888
88888888888888888888888888888888888888888888888888
88888888888888888888888888888888888888888888888888
88888888888888888888888888888888888888888888888888
88888888888888888888888888888888888888888888888888
88888888888888888888888888888888888888888888888888
88888888888888888888888888888888888888888888888888
88888888888880088888888888888888888888888888888888
88888888888000009888888888888888889888888888888888
88888888888000010991999991111111111118888888888888
88888888880000010099888892119001111910888888888888
88888888880000010919888899911118899911888998888888
88888888880000010111989898998188899992888998888888
88888888880008100101189999998198911982888988888888
88888888889011000001119999911011011992998888888888
88888888888000000000099116611010000929218888888888
88888888888000110011111111111110001921198888888888
88888888888800100011911111112100001991291888888888
88888888888812000011111119199010000191291888888888
88888888888929801000100019199011111161191888888888
88888888888269901100888819191111111111199188888888
88888888888169910100888819691191111116119088888888
88888888888199181988988988988122881011119188888888
88888888888199088888988988988818888191211121889888
88888888881129188891998889919818918121111111989188
88888889111119888888999889988898198911111119291111
88992291011111899998898889998898118901111199111111
81100091011119811018818989911898918100111991111101
88888888811108888888988988188898888988888119988888
88888888888888888889989998988999989988888888888888
88888888888888888999999889899988998888888888888888
88888888888888888898888988888989988888888888888888
88888888888888888888888889988989889988888888888888
88888888888888888988898889988988898988888888888888
88888888888888888999999999999999998988888888888888
88888888888888888888888888888888889888888888888888
89888888888888888988999899889989889899999889899988
89999999888899889998999999999999999999999999999999
89999999999999999999999999999999999999999999999999
89999999999999999999999999999999999999999999999999
89999999999999999999999999999999999999999999999999
N88888888888888888888888888888888888888888888888888
88888888888888888888888888888888888888888888888888
88888888888888888888888888888888888888888888888888
88888888888888888888888888888888888888888888888888
88888888888888888888888888888888888888888888888888
88888888888888888888888888888888888888888888888888
88888888888888888888888888888888888888888888888888
88888888888888888888888888888888888888888888888888
88888888888888888888888888888888888888888888888888
88888888888888888888888888888888888888888888888888
88888888888888888888888888888888888888888888888888
88888888888888888888888888888888888888888888888888
88888888888888888888888888888888888888888888888888
88888888888888888888888888888888888888888888888888
88888888888890009888888888888888888888888888888888
88888888888900001988888888888888888888888888888888
88888888888000001099998999118888888888888888888888
88888888888000001011988898211001111188888888888888
88888888888001001010888888962900011218888888888888
88888888888000011090198889661100011218888888888888
88888888888000810000110999996100011211888888888888
88888888888101100000119899999110882291988899888888
88888888888100000000019999891898881999988899888888
88888888888100010001919919919911999999199998888888
88888888888810000011919111111100019911188888888888
88888888888812200011111111111610011911118888888888
88888888888919900000110111999910001211118888888888
88888888888199900110919889999900001111918888888888
88888888888199910100988889999900001161111888888888
88888888888169988098888888999911009121111888888888
88888888888199188888888888199911118111111888888888
88888888888199088888988988988911881111111198918888
88888888881119988888998988988818888111111119918888
88888889111109888899998889999818918110011121111188
88899119110111888888299889988818118910011122111199
89111009901110889998819889198818118911119110010199
88888888811108888998898989111898998988919988888811
88888888888888888888988988988898888988888888888888
88888888888888888889989998988999989988888888888888
88888888888888888999999889899988998888888888888888
88888888888888888898888988888989988888888888888888
88888888888888888888888889988989889988888888888888
88888888888888888988898889988988898988888888888888
88888888888888888999999999999999998988888888888888
88888888888888888888888888888888889888888888888888
89888888888888888988999899889989889899999889899988
89999999888899889998999999999999999999999999999999
89999999999999999999999999999999999999999999999999
89999999999999999999999999999999999999999999999999
89999999999999999999999999999999999999999999999999
N88888888888888888888888888888888888888888888888888
88888888888888888888888888888888888888888888888888
88888888888888888888888888888888888888888888888888
88888888888888888888888888888888888888888888888888
88888888888888888888888888888888888888888888888888
88888888888888888888888888888888888888888888888888
88888888888888888888888888888888888888888888888888
88888888888888888888888888888888888888888888888888
88888888888888888888888888888888888888888888888888
88888888888888888888888888888888888888888888888888
88888888888888888888888888888888888888888888888888
88888888888888888888888888888888888888888888888888
88888888888888888888888888888888888888888888888888
88888888888888888888888888888888888888888888888888
88888888888890009888888888888888888888888888888888
88888888888900001988888888888888888888888888888888
88888888888000001099998999118888888888888888888888
88888888888000001011988898211001111188888888888888
88888888888001001010888888962900011218888888888888
88888888888000011090198889661100011218888888888888
88888888888000810000110999996100011211888888888888
88888888888101100000119899999110882291988899888888
88888888888100000000019999891898881999988899888888
88888888888100010001919919919911999999199998888888
88888888888810000011919111111100019911188888888888
88888888888812200011111111111610011911118888888888
88888888888919900000110111999910001211118888888888
88888888888199900110919889999900001111918888888888
88888888888199910100988889999900001161111888888888
88888888888169988098888888999911009121111888888888
88888888888199188888888888199911118111111888888888
88888888888199088888988988988911881111111198918888
88888888881119988888998988988818888111111119918888
88888889111109888899998889999818918110011121111188
88899119110111888888299889988818118910011122111199
89111009901110889998819889198818118911119110010199
88888888811108888998898989111898998988919988888811
88888888888888888888988988988898888988888888888888
88888888888888888889989998988999989988888888888888
88888888888888888999999889899988998888888888888888
88888888888888888898888988888989988888888888888888
88888888888888888888888889988989889988888888888888
88888888888888888988898889988988898988888888888888
88888888888888888999999999999999998988888888888888
88888888888888888888888888888888889888888888888888
89888888888888888988999899889989889899999889899988
89999999888899889998999999999999999999999999999999
89999999999999999999999999999999999999999999999999
89999999999999999999999999999999999999999999999999
89999999999999999999999999999999999999999999999999
N88888888888888888888888888888888888888888888888888
88888888888888888888888888888888888888888888888888
88888888888888888888888888888888888888888888888888
88888888888888888888888888888888888888888888888888
88888888888888888888888888888888888888888888888888
88888888888888888888888888888888888888888888888888
88888888888888888888888888888888888888888888888888
88888888888888888888888888888888888888888888888888
88888888888888888888888888888888888888888888888888
88888888888888888888888888888888888888888888888888
88888888888888888888888888888888888888888888888888
88888888888888888888888888888888888888888888888888
88888888888888888888888888888888888888888888888888
88888888888888888888888888888889998998888888888888
88888888888888888888888888888999999991288888888888
88888888888888888888888888888298998911188888888888
88888888888888888888000188881998999119928888888888
88888888888888888880000018889989919191118888888888
88888888888888888890000019112992011111918888888888
88888888888888888800000009989991910011928888888888
88888888888888888800000109989998181911118888888888
88888888888888888810098109999998989900119888888888
88888888888888889990110811919898989989988898988888
88888888888888889980000181889888889999888999988888
88888888888888819990001880119992911199991888888888
88888888888888892999001001191128991198991888888888
88888888888888982911000001111198191098991888888888
88888888888888888889000011111888198098991888888888
88888888888888988898880100001888918999991888888888
88888888888889888918881110881819918819991888888888
88888888888811188188880100889811918819191192888888
88888888889111881888989988988111881811191199989888
88888888811110918888998988988818888111911111119888
88888991110011088899998889119818918191819211119988
88811000190111188888219881088818118911189111001928
88888888821010888998898889888818998911198888891999
88888888888888888898898989999898998989988888888118
88888888888888888888988988988898888988888888888888
88888888888888888889989998988999989988888888888888
88888888888888888999999889899988998888888888888888
88888888888888888898888988888989988888888888888888
88888888888888888888888889988989889988888888888888
88888888888888888988898889988988898988888888888888
88888888888888888999999999999999998988888888888888
88888888888888888888888888888888889888888888888888
89888888888888888988999899889989889899999889899988
89999999888899889998999999999999999999999999999999
89999999999999999999999999999999999999999999999999
89999999999999999999999999999999999999999999999999
89999999999999999999999999999999999999999999999999
N88888888888888888888888888888888888888888888888888
88888888888888888888888888888888888888888888888888
88888888888888888888888888888888888888888888888888
88888888888888888888888888888888888888888888888888
88888888888888888888888888888888888888888888888888
88888888888888888888888888888888888888888888888888
88888888888888888888888888888888888888888888888888
88888888888888888888888888888888888888888888888888
88888888888888888888888888888888888888888888888888
88888888888888888888888888888888888888888888888888
88888888888888888888888888888888888888888888888888
88888888888888888888888888888888888888888888888888
88888888888888888888888888888888888888888888888888
88888888888888888888888888888889998998888888888888
88888888888888888888888888888999999991288888888888
88888888888888888888888888888298998911188888888888
88888888888888888888000188881998999119928888888888
88888888888888888880000018889989919191118888888888
88888888888888888890000019112992011111918888888888
88888888888888888800000009989991910011928888888888
88888888888888888800000109989998181911118888888888
88888888888888888810098109999998989900119888888888
88888888888888889990110811919898989989988898988888
88888888888888889980000181889888889999888999988888
88888888888888819990001880119992911199991888888888
88888888888888892999001001191128991198991888888888
88888888888888982911000001111198191098991888888888
88888888888888888889000011111888198098991888888888
88888888888888988898880100001888918999991888888888
88888888888889888918881110881819918819991888888888
88888888888811188188880100889811918819191192888888
88888888889111881888989988988111881811191199989888
88888888811110918888998988988818888111911111119888
88888991110011088899998889119818918191819211119988
88811000190111188888219881088818118911189111001928
88888888821010888998898889888818998911198888891999
88888888888888888898898989999898998989988888888118
88888888888888888888988988988898888988888888888888
88888888888888888889989998988999989988888888888888
88888888888888888999999889899988998888888888888888
88888888888888888898888988888989988888888888888888
88888888888888888888888889988989889988888888888888
88888888888888888988898889988988898988888888888888
88888888888888888999999999999999998988888888888888
88888888888888888888888888888888889888888888888888
89888888888888888988999899889989889899999889899988
89999999888899889998999999999999999999999999999999
89999999999999999999999999999999999999999999999999
89999999999999999999999999999999999999999999999999
89999999999999999999999999999999999999999999999999
N88888888888888888888888888888888888888888888888888
88888888888888888888888888888888888888888888888888
88888888888888888888888888888888888888888888888888
88888888888888888888888888888888888888888888888888
88888888888888888888888888888888888888888888888888
88888888888888888888888888888888888888888888888888
88888888888888888888888888888888888888888888888888
88888888888888888888888888888888888888888888888888
88888888888888888888888888888888888888888888888888
88888888888888888888888888888888888888888888888888
88888888888888888888888888888888888888888888888888
88888888888888888888888888888888888888888888888888
88888888888888888891888888888888888888888888888888
88888888888888888000008888888888888888888888888888
88888888888888880000009888911119111188888888888888
88888888888888880000000988899221111118888888888888
88888888888888890010000198889921101118888888888888
88888888888888810010010198888961100118888888888888
88888888888888190001100019888966110111888888888888
88888888888889961008100001199999110221888888888888
88888888888881690000000001889996111191888888888888
88888888888881190000000018901966111911188888888888
88888888888881111000000911889111919889988888888888
88888888888881111000001999898898899888889988888888
88888888888881169100001188998889899988898988888888
88888888888896999188000011111991961111188888888888
88888888888896999181110088919991911111118888888888
88888888888899999888110088112996611161118888888888
88888888888819991888101888112696110161108888888888
88888888888899999888888888921191919111119988888888
88888888888111918888888888911121118111111998888888
88888888881110888888988988988111881111111211988888
88888889211010088888998988988818888111111111199888
88888111009111088899998889919818918111111110129888
88881889111911988888989881988818918998118991119888
88888888888101888998898889888818988918888888811188
88888888888888888898898989999898998988888888888888
88888888888888888888988988988898888988888888888888
88888888888888888889989998988999989988888888888888
88888888888888888999999889899988998888888888888888
88888888888888888898888988888989988888888888888888
88888888888888888888888889988989889988888888888888
88888888888888888988898889988988898988888888888888
88888888888888888999999999999999998988888888888888
88888888888888888888888888888888889888888888888888
89888888888888888988999899889989889899999889899988
89999999888899889998999999999999999999999999999999
89999999999999999999999999999999999999999999999999
89999999999999999999999999999999999999999999999999
89999999999999999999999999999999999999999999999999
N88888888888888888888888888888888888888888888888888
88888888888888888888888888888888888888888888888888
88888888888888888888888888888888888888888888888888
88888888888888888888888888888888888888888888888888
88888888888888888888888888888888888888888888888888
88888888888888888888888888888888888888888888888888
88888888888888888888888888888888888888888888888888
88888888888888888888888888888888888888888888888888
88888888888888888888888888888888888888888888888888
88888888888888888888888888888888888888888888888888
88888888888888888888888888888888888888888888888888
88888888888888888888888888888888888888888888888888
88888888888888888891888888888888888888888888888888
88888888888888888000008888888888888888888888888888
88888888888888880000009888911119111188888888888888
88888888888888880000000988899221111118888888888888
88888888888888890010000198889921101118888888888888
88888888888888810010010198888961100118888888888888
88888888888888190001100019888966110111888888888888
88888888888889961008100001199999110221888888888888
88888888888881690000000001889996111191888888888888
88888888888881190000000018901966111911188888888888
88888888888881111000000911889111919889988888888888
88888888888881111000001999898898899888889988888888
88888888888881169100001188998889899988898988888888
88888888888896999188000011111991961111188888888888
88888888888896999181110088919991911111118888888888
88888888888899999888110088112996611161118888888888
88888888888819991888101888112696110161108888888888
88888888888899999888888888921191919111119988888888
88888888888111918888888888911121118111111998888888
88888888881110888888988988988111881111111211988888
88888889211010088888998988988818888111111111199888
88888111009111088899998889919818918111111110129888
88881889111911988888989881988818918998118991119888
88888888888101888998898889888818988918888888811188
88888888888888888898898989999898998988888888888888
88888888888888888888988988988898888988888888888888
88888888888888888889989998988999989988888888888888
88888888888888888999999889899988998888888888888888
88888888888888888898888988888989988888888888888888
88888888888888888888888889988989889988888888888888
88888888888888888988898889988988898988888888888888
88888888888888888999999999999999998988888888888888
88888888888888888888888888888888889888888888888888
89888888888888888988999899889989889899999889899988
89999999888899889998999999999999999999999999999999
89999999999999999999999999999999999999999999999999
89999999999999999999999999999999999999999999999999
89999999999999999999999999999999999999999999999999
N88888888888888888888888888888888888888888888888888
88888888888888888888888888888888888888888888888888
88888888888888888888888888888888888888888888888888
88888888888888888888888888888888888888888888888888
88888888888888888888888888888888888888888888888888
88888888888888888888888888888888888888888888888888
88888888888888888888888888888888888888888888888888
88888888888888888888888888888888888888888888888888
88888888888888888888888888888888888888888888888888
88888888888888888881018888888888888888888888888888
88888888888888888800000888888888888888888888888888
88888888888888888000000088888888888888888888888888
88888888888888888000000089991988888888888888888888
88888888888888889001000018889929888888888888888888
88888888888888899001000009888986118888888888888888
88888888888888998100091012888886611888888888888888
88888888888888199900190001098896611188888888888888
88888888888881668000000000808866661188888888888888
88888888888881669000000001998866611188888888888888
88888888888881661100000018911116611118888888888888
88888888888881111110000911119111111218888888888888
88888888888881111011000111911111111919888888888888
88888888888881199111100011111199111111888888888888
88888888888881999180010001188999992988888888888888
88888888888891999188011008989888892988888998888888
88888888888891999988000008812888999918889898888888
88888888888899996888888811111119991111888888888888
88888888888819991888888811111029961111988888888888
88888888888899991888881211110191918111019888888888
88888888888811918888881111111019111111099988888888
88888888888111018888111111111101111111011189888888
88888888899110008888999229188211881100111091888888
88888889119019008888988188988828888110111019888888
88888889891119988899998889119818918981889099988888
88888888888889888888988889888898198988888811188888
88888888888888888998898889888898998988888888888888
88888888888888888898898989999898998988888888888888
88888888888888888888988988988898888988888888888888
88888888888888888889989998988999989988888888888888
88888888888888888999999889899988998888888888888888
88888888888888888898888988888989988888888888888888
88888888888888888888888889988989889988888888888888
88888888888888888988898889988988898988888888888888
88888888888888888999999999999999998988888888888888
88888888888888888888888888888888889888888888888888
89888888888888888988999899889989889899999889899988
89999999888899889998999999999999999999999999999999
89999999999999999999999999999999999999999999999999
89999999999999999999999999999999999999999999999999
89999999999999999999999999999999999999999999999999
N88888888888888888888888888888888888888888888888888
88888888888888888888888888888888888888888888888888
88888888888888888888888888888888888888888888888888
88888888888888888888888888888888888888888888888888
88888888888888888888888888888888888888888888888888
88888888888888888888888888888888888888888888888888
88888888888888888888888888888888888888888888888888
88888888888888888888888888888888888888888888888888
88888888888888888888888888888888888888888888888888
88888888888888888881018888888888888888888888888888
88888888888888888800000888888888888888888888888888
88888888888888888000000088888888888888888888888888
88888888888888888000000089991988888888888888888888
88888888888888889001000018889929888888888888888888
88888888888888899001000009888986118888888888888888
88888888888888998100091012888886611888888888888888
88888888888888199900190001098896611188888888888888
88888888888881668000000000808866661188888888888888
88888888888881669000000001998866611188888888888888
88888888888881661100000018911116611118888888888888
88888888888881111110000911119111111218888888888888
88888888888881111011000111911111111919888888888888
88888888888881199111100011111199111111888888888888
88888888888881999180010001188999992988888888888888
88888888888891999188011008989888892988888998888888
88888888888891999988000008812888999918889898888888
88888888888899996888888811111119991111888888888888
88888888888819991888888811111029961111988888888888
88888888888899991888881211110191918111019888888888
88888888888811918888881111111019111111099988888888
88888888888111018888111111111101111111011189888888
88888888899110008888999229188211881100111091888888
88888889119019008888988188988828888110111019888888
88888889891119988899998889119818918981889099988888
88888888888889888888988889888898198988888811188888
88888888888888888998898889888898998988888888888888
88888888888888888898898989999898998988888888888888
88888888888888888888988988988898888988888888888888
88888888888888888889989998988999989988888888888888
88888888888888888999999889899988998888888888888888
88888888888888888898888988888989988888888888888888
88888888888888888888888889988989889988888888888888
88888888888888888988898889988988898988888888888888
88888888888888888999999999999999998988888888888888
88888888888888888888888888888888889888888888888888
89888888888888888988999899889989889899999889899988
89999999888899889998999999999999999999999999999999
89999999999999999999999999999999999999999999999999
89999999999999999999999999999999999999999999999999
89999999999999999999999999999999999999999999999999
N88888888888888888888888888888888888888888888888888
88888888888888888888888888888888888888888888888888
88888888888888888888888888888888888888888888888888
88888888888888888888888888888888888888888888888888
88888888888888888888888888888888888888888888888888
88888888888888888888888888888888888888888888888888
88888888888888888888888888888888888888888888888888
88888888888888888888888888888888888888888888888888
88888888888888888888888888888888888888888888888888
88888888888888888888888888888888888888888888888888
88888888888888888888888888899289998888888888888888
88888888888888888888888889199999999188888888888888
88888888888888888888888810888888891198888888888888
88888888888888888888889000018899992108888888888888
88888888888888888888880000009991192118888888888888
88888888888888888888990010000919911118888888888888
88888888888888888899910000000899992128888888888888
88888888888888888988980010000988999919888888888888
88888888888888888888889000900989898921888888888888
88888888888888889818890001000098888991888888888888
88888888888888881998890000000118899911888888888888
88888888888888891999880000000919999111888888888888
88888888888888818199901000009111992811888888888888
88888888888888828811101100011111118811888888888888
88888888888888898988011100818881899888999888888888
88888888888888889988990012998889999988998998888888
88888888888888998891888801998198999881988988888888
88888888888888199891888801101188982911888888888888
88888888888881119898888800001188181110928888888888
88888888888891119988888881191188911111118888888888
88888888888891100888888881191181111111109988888888
88888888891101110888988888988291881100101988888888
88888888819001198888988988988818888100009988888888
88888888888889008899998889999818998188801918888888
88888888888888888888988889388898988988888888888888
88888888888888888998888882388898998988888888888888
88888888888888888898898989339898998988888888888888
88888888888888888888988988988898888988888888888888
88888888888888888889989998988999989988888888888888
88888888888888888999999891229988998888888888888888
88888888888888888898888999988989988888888888888888
88888888888888888888888889988989889988888888888888
88888888888888888988898889988988898988888888888888
88888888888888888999999999999999998988888888888888
88888888888888888888888888888888889888888888888888
89888888888888888988999899889989889899999889899988
89999999889999889998999999999999999999999999999999
89999999999999999999999999999999999999999999999999
89999999999999999999999999999999999999999999999999
89999999999999999999999999999999999999999999999999
N88888888888888888888888888888888888888888888888888
88888888888888888888888888888888888888888888888888
88888888888888888888888888888888888888888888888888
88888888888888888888888888888888888888888888888888
88888888888888888888888888888888888888888888888888
88888888888888888888888888888888888888888888888888
88888888888888888888888888888888888888888888888888
88888888888888888888888888888888888888888888888888
88888888888888888888888888888888888888888888888888
88888888888888888888888888888888888888888888888888
88888888888888888888888888899289998888888888888888
88888888888888888888888889199999999188888888888888
88888888888888888888888810888888891198888888888888
88888888888888888888889000018899992108888888888888
88888888888888888888880000009991192118888888888888
88888888888888888888990010000919911118888888888888
88888888888888888899910000000899992128888888888888
88888888888888888988980010000988999919888888888888
88888888888888888888889000900989898921888888888888
88888888888888889818890001000098888991888888888888
88888888888888881998890000000118899911888888888888
88888888888888891999880000000919999111888888888888
88888888888888818199901000009111992811888888888888
88888888888888828811101100011111118811888888888888
88888888888888898988011100818881899888999888888888
88888888888888889988990012998889999988998998888888
88888888888888998891888801998198999881988988888888
88888888888888199891888801101188982911888888888888
88888888888881119898888800001188181110928888888888
88888888888891119988888881191188911111118888888888
88888888888891100888888881191181111111109988888888
88888888891101110888988888988291881100101988888888
88888888819001198888988988988818888100009988888888
88888888888889008899998889999818998188801918888888
88888888888888888888988889388898988988888888888888
88888888888888888998888882388898998988888888888888
88888888888888888898898989339898998988888888888888
88888888888888888888988988988898888988888888888888
88888888888888888889989998988999989988888888888888
88888888888888888999999891229988998888888888888888
88888888888888888898888999988989988888888888888888
88888888888888888888888889988989889988888888888888
88888888888888888988898889988988898988888888888888
88888888888888888999999999999999998988888888888888
88888888888888888888888888888888889888888888888888
89888888888888888988999899889989889899999889899988
89999999889999889998999999999999999999999999999999
89999999999999999999999999999999999999999999999999
89999999999999999999999999999999999999999999999999
89999999999999999999999999999999999999999999999999
N88888888888888888888888888888888888888888888888888
88888888888888888888888888888888888888888888888888
88888888888888888888888888888888888888888888888888
88888888888888888888888888888888888888888888888888
88888888888888888888888888888888888888888888888888
88888888888888888888888888888888888888888888888888
88888888888888888888888888888888888888888888888888
88888888888888888888888888888888888888888888888888
88888888888888888888888888888888888888888888888888
88888888888888888888888000098888888888888888888888
88888888888888888888880000001899918888888888888888
88888888888888888888890000000211211888888888888888
88888888888888888889990000000899911188888888888888
88888888888888888899910000000189889188888888888888
88888888888888888888881000000188889988888888888888
88888888888888889888881100910188888998888888888888
88888888888888899888890000000119888888888888888888
88888888888888819889980000000188888999888888888888
88888888888888811988190000000929189999888888888888
88888888888888811991101000001111999911888888888888
88888888888888819911011100011111019111888888888888
88888888888888989988111110011111188189888888888888
88888888888888989889800100000111088989888888888888
88888888888888988889889201100891988889888888888888
88888888888888988881889101100881188889888888888888
88888888888888888899888110811991989889989998898988
88888888888888918818888199999889988889989888899988
88888888888889118988888111988998919911189999998988
88888888888881111188888111218888911111088888888888
88888888888881110888888111338888111111018888888888
88888888888819911888888112331888919011118888888888
88888888888101009888988818188991881111018888888888
88888888888888000888988988988898888100118888888888
88888888888888888899998889999898998989118888888888
88888888888888888888988889988898988988888888888888
88888888888888888998888889888898998988888888888888
88888888888888888898898988899898998988888888888888
88888888888888888888988988988898888988888888888888
88888888888888888889989998988999989988888888888888
88888888888888888999999888999988998888888888888888
88888888888888888898888988888989988888888888888888
88888888888888888888888889988989889988888888888888
88888888888888888988898889988988898988888888888888
88888888888888888999999999999999998988888888888888
88888888888888888888888888888888889888888888888888
89888888888888888988999899889989889899999889899988
89999999889999889998999999999999999999999999999999
89999999999999999999999999999999999999999999999999
89999999999999999999999999999999999999999999999999
89999999999999999999999999999999999999999999999999
N88888888888888888888888888888888888888888888888888
88888888888888888888888888888888888888888888888888
88888888888888888888888888888888888888888888888888
88888888888888888888888888888888888888888888888888
88888888888888888888888888888888888888888888888888
88888888888888888888888888888888888888888888888888
88888888888888888888888888888888888888888888888888
88888888888888888888888888888888888888888888888888
88888888888888888888888888888888888888888888888888
88888888888888888888888000098888888888888888888888
88888888888888888888880000001899918888888888888888
88888888888888888888890000000211211888888888888888
88888888888888888889990000000899911188888888888888
88888888888888888899910000000189889188888888888888
88888888888888888888881000000188889988888888888888
88888888888888889888881100910188888998888888888888
88888888888888899888890000000119888888888888888888
88888888888888819889980000000188888999888888888888
88888888888888811988190000000929189999888888888888
88888888888888811991101000001111999911888888888888
88888888888888819911011100011111019111888888888888
88888888888888989988111110011111188189888888888888
88888888888888989889800100000111088989888888888888
88888888888888988889889201100891988889888888888888
88888888888888988881889101100881188889888888888888
88888888888888888899888110811991989889989998898988
88888888888888918818888199999889988889989888899988
88888888888889118988888111988998919911189999998988
88888888888881111188888111218888911111088888888888
88888888888881110888888111338888111111018888888888
88888888888819911888888112331888919011118888888888
88888888888101009888988818188991881111018888888888
88888888888888000888988988988898888100118888888888
88888888888888888899998889999898998989118888888888
88888888888888888888988889988898988988888888888888
88888888888888888998888889888898998988888888888888
88888888888888888898898988899898998988888888888888
88888888888888888888988988988898888988888888888888
88888888888888888889989998988999989988888888888888
88888888888888888999999888999988998888888888888888
88888888888888888898888988888989988888888888888888
88888888888888888888888889988989889988888888888888
88888888888888888988898889988988898988888888888888
88888888888888888999999999999999998988888888888888
88888888888888888888888888888888889888888888888888
89888888888888888988999899889989889899999889899988
89999999889999889998999999999999999999999999999999
89999999999999999999999999999999999999999999999999
89999999999999999999999999999999999999999999999999
89999999999999999999999999999999999999999999999999
N88888888888888888888888888888888888888888888888888
88888888888888888888888888888888888888888888888888
88888888888888888888888888888888888888888888888888
88888888888888888888888888888888888888888888888888
88888888888888888888888888888888888888888888888888
88888888888888888888888888888888888888888888888888
88888888888888888888888888888888888888888888888888
88888888888888888888888888100988888888888888888888
88888888888888888888888880000008888888888888888888
88888888888888888888889210000001888888888888888888
88888888888888888888999800000001899888888888888888
88888888888888888899898800010000882898888888888888
88888888888888888998888800010000889889888888888888
88888888888888888898888900000000889889188888888888
88888888888888889988889109000010198899988888888888
88888888888888881888888800000100998899918888888888
88888888888888881989889900000000988988118888888888
88888888888888881999919900000000111999108888888888
88888888888888881991109910000001111119118888888888
88888888888888881219911191000019110911118888888888
88888888888888888188901111000111110889198888888888
88888888888888898988911010010000001888198888888888
88888888888888899888919911011011291888898888888888
88888888888888899888919911000011991888918888888888
88888888888888898889119111011111220988929888888888
88888888888888898899811110088811220198991888888888
88888888888888811990811110089919188898998999889888
88888888888888811198111111898988198988899888889998
88888888888888821118111111888891111191111898999898
88888888888888921981910010888881100011901888888888
88888888888888890101991119888881111901110888888888
88888888888888810988989188988888881110002888888888
88888888888888888888998988988898888118888888888888
88888888888888888899998889999898998988888888888888
88888888888888888888988889888898988988888888888888
88888888888888888998888889888898998988888888888888
88888888888888888898898988899898998988888888888888
88888888888888888888988988988898888988888888888888
88888888888888888889989998988999989988888888888888
88888888888888888999999888999988998888888888888888
88888888888888888898888988888989988888888888888888
88888888888888888888888889988989889988888888888888
88888888888888888988898889988988898988888888888888
88888888888888888999999999999999998988888888888888
88888888888888888888888888888888889888888888888888
89888888888888888988999899889989889899999889899988
89999999889999889998999999999999999999999999999999
89999999999999999999999999999999999999999999999999
89999999999999999999999999999999999999999999999999
89999999999999999999999999999999999999999999999999
N88888888888888888888888888888888888888888888888888
88888888888888888888888888888888888888888888888888
88888888888888888888888888888888888888888888888888
88888888888888888888888888888888888888888888888888
88888888888888888888888888888888888888888888888888
88888888888888888888888888888888888888888888888888
88888888888888888888888888881888888888888888888888
88888888888888888888888888000008888888888888888888
88888888888888888888888881000000888888888888888888
88888888888888888888899990000000918888888888888888
88888888888888888888199880001000199188888888888888
88888888888888888891998810001000089918888888888888
88888888888888888916988880000000989861888888888888
88888888888888888199698910900090988966188888888888
88888888888888889199668990000100098666688888888888
88888888888888881169968890000000888696618888888888
88888888888888881116611110000000121666118888888888
88888888888888881111111911000001111111118888888888
88888888888888881111101119100011110111118888888888
88888888888888881116901111100011110991118888888888
88888888888888889919910111000011100999169888888888
88888888888888889669919211011001211999162888888888
88888888888888889669919110011009111999661888888888
88888888888888889999119110000002111299911888888888
88888888888888882989111110888111111999961888888888
88888888888888899189111110888111110819911888888888
88888888888888811191211110888888811998891998888888
88888888888888811119111110889888991199889989888888
88888888888888811292111111889991191198919889998888
88888888888888811119119118888811110811191988888888
88888888888888890011198988888888109910808188888888
88888888888888881998989998988888881189008888888888
88888888888888888888988988988898888888888888888888
88888888888888888899998889999898998988888888888888
88888888888888888888988889888898988988888888888888
88888888888888888998888889888898998988888888888888
88888888888888888898898988899898998988888888888888
88888888888888888888988988988898888988888888888888
88888888888888888889989998988999989988888888888888
88888888888888888999999888999988998888888888888888
88888888888888888898888988888989988888888888888888
88888888888888888888888889988989889988888888888888
88888888888888888988898889988988898988888888888888
88888888888888888999999999999999998988888888888888
88888888888888888888888888888888889888888888888888
89888888888888888988999899889989889899999889899988
89999999889999889998999999999999999999999999999999
89999999999999999999999999999999999999999999999999
89999999999999999999999999999999999999999999999999
89999999999999999999999999999999999999999999999999
N88888888888888888888888888888888888888888888888888
88888888888888888888888888888888888888888888888888
88888888888888888888888888888888888888888888888888
88888888888888888888888888888888888888888888888888
88888888888888888888888888888888888888888888888888
88888888888888888888888888888888888888888888888888
88888888888888888888888888888888888888888888888888
88888888888888888888881121191229888888888888888888
88888888888888888888891218999211188888888888888888
88888888888888888888812198990009188888888888888888
88888888888888888888892999100000118888888888888888
88888888888888888888911111000000018888888888888888
88888888888888888888911998000100092988888888888888
88888888888888888889911991000100099118888888888888
88888888888888888899916981000100099662888888888888
88888888888888888899696199090009086666888888888888
88888888888888888916169690000000026996188888888888
88888888888888888116166112000000016661188888888888
88888888888888888111111619000000016661188888888888
88888888888888888161111011000000111661118888888888
88888888888888888196110111100001101111618888888888
88888888888888888199161111100011110991969888888888
88888888888888888196661111100011001996691888888888
88888888888888888166961102800009118999961888888888
88888888888888888199911118801101118199961888888888
88888888888888888111911118800001118899111888888888
88888888888888881111911118888191118889998188888888
88888888888888881191111108889898198888998888889989
88888888888888881999121198889818888888998898889988
88888888888888881180909188889909108889109929888888
88888888888888888000011198888881118881110119888888
88888888888888888888188988988881889888898888888888
88888888888888888888988988988898888988888888888888
88888888888888888899998889999898998988888888888888
88888888888888888888988889888898988988888888888888
88888888888888888998898889898898998988888888888888
88888888888888888898898988899898998988888888888888
88888888888888888888988988988898888988888888888888
88888888888888888889989998988999989988888888888888
88888888888888888999999888999988998888888888888888
88888888888888888898888988888989988888888888888888
88888888888888888888888889988989889988888888888888
88888888888888888988898889988988898988888888888888
88888888888888888999999999999999998988888888888888
88888888888888888888888888888888889888888888888888
89888888888888888988999899889989889899999889899988
89999999889999889998999999999999999999999999999999
89999999999999999999999999999999999999999999999999
89999999999999999999999999999999999999999999999999
89999999999999999999999999999999999999999999999999
N88888888888888888888888888888888888888888888888888
88888888888888888888888888888888888888888888888888
88888888888888888888888888888888888888888888888888
88888888888888888888888888888888888888888888888888
88888888888888888888888888888888888888888888888888
88888888888888888888888888888888888888888888888888
88888888888888888888888888888888888888888888888888
88888888888888888888881121191229888888888888888888
88888888888888888888891218999211188888888888888888
88888888888888888888812198990009188888888888888888
88888888888888888888892999100000118888888888888888
88888888888888888888911111000000018888888888888888
88888888888888888888911998000100092988888888888888
88888888888888888889911991000100099118888888888888
88888888888888888899916981000100099662888888888888
88888888888888888899696199090009086666888888888888
88888888888888888916169690000000026996188888888888
88888888888888888116166112000000016661188888888888
88888888888888888111111619000000016661188888888888
88888888888888888161111011000000111661118888888888
88888888888888888196110111100001101111618888888888
88888888888888888199161111100011110991969888888888
88888888888888888196661111100011001996691888888888
88888888888888888166961102800009118999961888888888
88888888888888888199911118801101118199961888888888
88888888888888888111911118800001118899111888888888
88888888888888881111911118888191118889998188888888
88888888888888881191111108889898198888998888889989
88888888888888881999121198889818888888998898889988
88888888888888881180909188889909108889109929888888
88888888888888888000011198888881118881110119888888
88888888888888888888188988988881889888898888888888
88888888888888888888988988988898888988888888888888
88888888888888888899998889999898998988888888888888
88888888888888888888988889888898988988888888888888
88888888888888888998898889898898998988888888888888
88888888888888888898898988899898998988888888888888
88888888888888888888988988988898888988888888888888
88888888888888888889989998988999989988888888888888
88888888888888888999999888999988998888888888888888
88888888888888888898888988888989988888888888888888
88888888888888888888888889988989889988888888888888
88888888888888888988898889988988898988888888888888
88888888888888888999999999999999998988888888888888
88888888888888888888888888888888889888888888888888
89888888888888888988999899889989889899999889899988
89999999889999889998999999999999999999999999999999
89999999999999999999999999999999999999999999999999
89999999999999999999999999999999999999999999999999
89999999999999999999999999999999999999999999999999
N88888888888888888888888888888888888888888888888888
88888888888888888888888888888888888888888888888888
88888888888888888888888888888888888888888888888888
88888888888888888888888888888888888888888888888888
88888888888888888888888888888888888888888888888888
88888888888888888888888888888888888888888888888888
88888888888888888888888888888800009888888888888888
88888888888888888888881111881000000988888888888888
88888888888888888888811199999000000088888888888888
88888888888888888888211998881000000028888888888888
88888888888888888889116888880000100019188888888888
88888888888888888882666988881100000099918888888888
88888888888888888896996988900090000199661888888888
88888888888888888811999699010008001099661888888888
88888888888888888811699689810000000089666188888888
88888888888888888811669111980000000096661188888888
88888888888888888811111109111000000111611188888888
88888888888888888811111091112101001101111188888888
88888888888888888899169111111100011109911188888888
88888888888888888899199111110000010099991698888888
88888888888888888899699109901001008889996918888888
88888888888888888896696108801011018889996118888888
88888888888888888899996018811000098881999618888888
88888888888888888899991088811111088888999918888888
88888888888888889111191088811111088888199918888888
88888888888888889111120188811111088888899118888888
88888888888888881199211988811110988888811111888888
88888888888888891199999998881228888888898888888888
88888888888888821919111191981889888898998888899988
88888888888888811001101191981989988898899889989888
88888888888888881080018888891119888888881008888888
88888888888888888888988888988988889888888888888888
88888888888888888888988988988898888988888888888888
88888888888888888899998889999898998988888888888888
88888888888888888888988889888898988988888888888888
88888888888888888998898889898898998988888888888888
88888888888888888898898988899898998988888888888888
88888888888888888888988988988898888988888888888888
88888888888888888889989998988999989988888888888888
88888888888888888999999888999988998888888888888888
88888888888888888898888988888989988888888888888888
88888888888888888888888889988989889988888888888888
88888888888888888988898889988988898988888888888888
88888888888888888999999999999999998988888888888888
88888888888888888888888888888888889888888888888888
89888888888888888988999899889989889899999889899988
89999999889999889998999999999999999999999999999999
89999999999999999999999999999999999999999999999999
89999999999999999999999999999999999999999999999999
89999999999999999999999999999999999999999999999999
N88888888888888888888888888888888888888888888888888
88888888888888888888888888888888888888888888888888
88888888888888888888888888888888888888888888888888
88888888888888888888888888888888888888888888888888
88888888888888888888888888888888888888888888888888
88888888888888888888888888888888888988888888888888
88888888888888888888888888888888900008888888888888
88888888888888888888888889111988000000888888888888
88888888888888888888888999988880000000088888888888
88888888888888888888899889888880000000028888888888
88888888888888888888888888888890000100018988888888
88888888888888888888988888888810000000098298888888
88888888888888888888988888990000100000098918888888
88888888888888888888988888808100081000088998888888
88888888888888888888998988989800001000089919888888
88888888888888888888199111191890000000019919888888
88888888888888888882191100991110000000111118888888
88888888888888888889111811111921000001191118888888
88888888888888888898898811199110000011188919888888
88888888888888888828988890111100000000988911888888
88888888888888888818988811000010010088888991888888
88888888888888888829888901011190110088888991888888
88888888888888888899888911101110000988898811888888
88888888888888889118999108801111119888818991888888
88888888888888898911191088811021188888889912888888
88888888888888899111111888811111088888881111988888
88888888888888111119999919911110988888881111188888
88888888888889111119991819111110888888881111998888
88888888888889111119119111199919989889988199198889
88888888888881108880100889111818889988888111998889
88888888888888898888888888001989988999999989989999
88888888888888888888988888988988889888888888888888
88888888888888888888988988988898888988888888888888
88888888888888888899998889999898998988888888888888
88888888888888888888989889888898998988888888888888
88888888888888888998898889898898998988888888888888
88888888888888888998898989899898998988888888888888
88888888888888888888988988988898888988888888888888
88888888888888888889999999988999889888888888888888
88888888888888888999999889999988998888888888888888
88888888888888888898888999888989998988888888888888
88888888888888888888888889988989889988888888888888
88888888888888888988898889998988898988888888888888
88888888888888888999999999999999998988888888888888
88888888888888888888888888998888889888888888888888
89888898888888999988888888889999888889888888888888
89999999999999999999999999999999999999999999999999
89999999999999999999999999999999999999999999999999
99999999999999999999999999999999999999999999999999
99999999999999999999999999999999999999999999999999
N88888888888888888888888888888888888888888888888888
88888888888888888888888888888888888888888888888888
88888888888888888888888888888888888888888888888888
88888888888888888888888888888888888888888888888888
88888888888888888888888888888888889001888888888888
88888888888888888888888888888888820000088888888888
88888888888888888888888888911198800001008888888888
88888888888888888888888899998888910000008888888888
88888888888888888888888988988888010010001888888888
88888888888888888888889888888889110090000988888888
88888888888888888888818888888891100000001918888888
88888888888888888888998888899011009800019921888888
88888888888888888888198888880811000110018991888888
88888888888888888888198898898980000000008999888888
88888888888888888888119899109189000000001991888888
88888888888888888881119210099111100000011191888888
88888888888888888882211180111991100100101111888888
88888888888888888822892881111211110001118811888888
88888888888888888891888889111110000000998891888888
88888888888888888891898889000000010008818891888888
88888888888888888991888880111111001008898899988888
88888888888888888211988899111112100018888899988888
88888888888888888111188918001191188888889899188888
88888888888888999111819198011111018888881999988888
88888888888888981112111188111111116888889911088888
88888888888889111111999911111111111188888811188888
88888888888811119111999981991111111288888012118888
88888888888891111109919111291211199888888919199189
88888888888911011111111090111899989989888999198889
88888888888811088888800111008889889888888911888889
88888888888888888888888888888898888888888888888888
88888888888888888888988888988988889888888888888888
88888888888888888888988988988898888988888888888888
88888888888888888899998889999898998988888888888888
88888888888888888888989889888898998988888888888888
88888888888888888998898889898898998988888888888888
88888888888888888998898989899898998988888888888888
88888888888888888888988988988898888988888888888888
88888888888888888889999999988999889888888888888888
88888888888888888999999889999988998888888888888888
88888888888888888898888999888989998988888888888888
88888888888888888888888889988989889988888888888888
88888888888888888988898889998988898988888888888888
88888888888888888999999999999999998988888888888888
88888888888888888888888888998888889888888888888888
89888898888888999988888888889999888889888888888888
89999999999999999999999999999999999999999999999999
89999999999999999999999999999999999999999999999999
99999999999999999999999999999999999999999999999999
99999999999999999999999999999999999999999999999999
N88888888888888888888888888888888888888888888888888
88888888888888888888888888888888888888888888888888
88888888888888888888888888888888880001888888888888
88888888888888888888888888888888800000088888888888
88888888888888888888888888888888200000018888888888
88888888888888888888888888111198000001008888888888
88888888888888888888811111998881010001008888888888
88888888888888888888111119988881010011008888888888
88888888888888888889911669888881008101019888888888
88888888888888888881116666988110000800009188888888
88888888888888888881169966991110000000009618888888
88888888888888888881166996191910000000006618888888
88888888888888888829166699191890001000096612888888
88888888888888888819111666111191101100126611888888
88888888888888888911111111021111900001111611888888
88888888888888888911111111129911200011111111888888
88888888888888888211191119111010000011196111888888
88888888888888888911196199011000010009999911888888
88888888888888888911196999111911011098899916888888
88888888888888888911199966111221001088899961988888
88888888888888889211169961111210888888819961988888
88888888888888889111116961101110888888899996988888
88888888888888891111189911111110888888889999188888
88888888888889891111210911111108888888881991188888
88888888888889911111111111111109118888888911198888
88888888888921111111199999211091118888888911118888
88888888888911192191288999999911119888888111112988
88888888889911119921199191181991299198988999919999
88888888889101888988811100122898981989888119918889
88888888888909888888888110888811229999999899999999
88888888888888888888888888888891288888888888888888
88888888888888888888988888988989889888888888888888
88888888888888888888988988988898888988888888888888
88888888888888888899998889999898998988888888888888
88888888888888888888989889888898998988888888888888
88888888888888888998898889898898998988888888888888
88888888888888888998898989899898998988888888888888
88888888888888888888988988988898888988888888888888
88888888888888888889999999988999889888888888888888
88888888888888888999999889999988998888888888888888
88888888888888888898888999888989998988888888888888
88888888888888888888888889988989889988888888888888
88888888888888888988898889998988898988888888888888
88888888888888888999999999999999998988888888888888
88888888888888888888888888998888889888888888888888
89888898888888999988888888889999888889888888888888
89999999999999999999999999999999999999999999999999
89999999999999999999999999999999999999999999999999
99999999999999999999999999999999999999999999999999
99999999999999999999999999999999999999999999999999
N88888888888888888888888888888888888888888888888888
88888888888888888888888888888888888888888888888888
88888888888888888888888888888888888888888888888888
88888888888888888888919888888888888888888888888888
88888888888888888821111199219888888888888888888888
88888888888888888811299919811988000088888888888888
88888888888888888199999998919180000008888888888888
88888888888888888999992111911190000000888888888888
88888888888888888111119211999111000000888888888888
88888888888888889111991111988901009000888888888888
88888888888888889112829611988910101000188888888888
88888888888888889119899691999110180001918888888888
88888888888888882618299196190100001000961888888888
88888888888888889119166166101100000000961888888888
88888888888888899111116166119000100000961188888888
88888888888888899110111111019100110009661188888888
88888888888888898211196111111190010011111188888888
88888888888888898611199611111190000101111118888888
88888888888888819661169661110001001001996698888888
88888888888888812661919161001000100989999199888888
88888888888888811661919661122101110888999919888888
88888888888888891111966691111101100888199991888888
88888888888889119111999191111089108888899999888888
88888888888998919111891129111988888888819911188888
88888888888299121111919991111888888888881811118888
88888888899121991911999999991998888888888111111888
88888888899119991811919999191192998888888919191999
88888888991011199988911111090898989989888999128889
88888888811088888888811101888889889888888819818889
88888888888888888888811188881119888888888888888888
88888888888888888888888888811122288888888888888888
88888888888888888888988888988222881888888888888888
88888888888888888888988988988818888988888888888888
88888888888888888899998889999828998988888888888888
88888888888888888888989889888898998988888888888888
88888888888888888998898889898898998988888888888888
88888888888888888998898989899898998988888888888888
88888888888888888888988988988898888988888888888888
88888888888888888889999999988999889888888888888888
88888888888888888999999889999988998888888888888888
88888888888888888898888999888989998988888888888888
88888888888888888888888889988989889988888888888888
88888888888888888988898889998988898988888888888888
88888888888888888999999999999999998988888888888888
88888888888888888888888888998888889888888888888888
89888898888888999988888888889999888889888888888888
89999999999999999999999999999999999999999999999999
89999999999999999999999999999999999999999999999999
99999999999999999999999999999999999999999999999999
99999999999999999999999999999999999999999999999999
N88888888888888888888888888888888888888888888888888
88888888888888888888888888888888888888888888888888
88888888888888888888888888888888888888888888888888
88888888888888888888919888888888888888888888888888
88888888888888888821111199219888888888888888888888
88888888888888888811299919811988000088888888888888
88888888888888888199999998919180000008888888888888
88888888888888888999992111911190000000888888888888
88888888888888888111119211999111000000888888888888
88888888888888889111991111988901009000888888888888
88888888888888889112829611988910101000188888888888
88888888888888889119899691999110180001918888888888
88888888888888882618299196190100001000961888888888
88888888888888889119166166101100000000961888888888
88888888888888899111116166119000100000961188888888
88888888888888899110111111019100110009661188888888
88888888888888898211196111111190010011111188888888
88888888888888898611199611111190000101111118888888
88888888888888819661169661110001001001996698888888
88888888888888812661919161001000100989999199888888
88888888888888811661919661122101110888999919888888
88888888888888891111966691111101100888199991888888
88888888888889119111999191111089108888899999888888
88888888888998919111891129111988888888819911188888
88888888888299121111919991111888888888881811118888
88888888899121991911999999991998888888888111111888
88888888899119991811919999191192998888888919191999
88888888991011199988911111090898989989888999128889
88888888811088888888811101888889889888888819818889
88888888888888888888811188881119888888888888888888
88888888888888888888888888811122288888888888888888
88888888888888888888988888988222881888888888888888
88888888888888888888988988988818888988888888888888
88888888888888888899998889999828998988888888888888
88888888888888888888989889888898998988888888888888
88888888888888888998898889898898998988888888888888
88888888888888888998898989899898998988888888888888
88888888888888888888988988988898888988888888888888
88888888888888888889999999988999889888888888888888
88888888888888888999999889999988998888888888888888
88888888888888888898888999888989998988888888888888
88888888888888888888888889988989889988888888888888
88888888888888888988898889998988898988888888888888
88888888888888888999999999999999998988888888888888
88888888888888888888888888998888889888888888888888
89888898888888999988888888889999888889888888888888
89999999999999999999999999999999999999999999999999
89999999999999999999999999999999999999999999999999
99999999999999999999999999999999999999999999999999
99999999999999999999999999999999999999999999999999
N88888888888888888888888888888888888888888888888888
88888888888888888888888888888888888888888888888888
88888888888888888889128888888888888888888888888888
88888888888888888811111192228888888888888888888888
88888888888888888111999989811888800000888888888888
88888888888888889999192998991888100000088888888888
88888888888888889999191199291188100001088888888888
88888888888888881111199111999819000001098888888888
88888888888888881111289661198899010101098888888888
88888888888888891919999916198891010001018888888888
88888888888888891619819969119911001800011988888888
88888888888888891119916666611110000110099188888888
88888888888888899191116666909110001000096188888888
88888888888888891191161611109200011000096198888888
88888888888888991191166111111911011100161118888888
88888888888888991691119611211119001101111118888888
88888888888888292191119966111101100000991112888888
88888888888888186191016916101010000008999196888888
88888888888888296161091966111100010188199919888888
88888888888888916611991669121880111088999991888888
88888888888888911110896999111880010188899996188888
88888888888919991111899909110888889888899989188888
88888888889889991110899911119888888888881981118888
88888889819991911112891999118888888888888981111888
88888889819119919118999999999118888888888891191188
88888889111199118118919999999999998888888911191919
88888899111111889989911111191888989889888989198889
88888991118888888881119111098889889988888991888889
88888889088888888882108888882291338888888888988888
88888888888888888888888888888333388888888888888888
88888888888888888888888888888333388888888888888888
88888888888888888888988888988233889888888888888888
88888888888888888888988988988898888988888888888888
88888888888888888899998889999898998988888888888888
88888888888888888888989889888898998988888888888888
88888888888888888998898889898898998988888888888888
88888888888888888998898989899898998988888888888888
88888888888888888888988988988898888988888888888888
88888888888888888889999999988999889888888888888888
88888888888888888999999889999988998888888888888888
88888888888888888898888999888989998988888888888888
88888888888888888888888889988989889988888888888888
88888888888888888988898889998988898988888888888888
88888888888888888999999999999999998988888888888888
88888888888888888888888888998888889888888888888888
89888898888888999988888888889999888889888888888888
89999999999999999999999999999999999999999999999999
89999999999999999999999999999999999999999999999999
99999999999999999999999999999999999999999999999999
99999999999999999999999999999999999999999999999999
N88888888888888888888888888888888888888888888888888
88888888888888888888888888888888888888888888888888
88888888888888888889128888888888888888888888888888
88888888888888888811111192228888888888888888888888
88888888888888888111999989811888800000888888888888
88888888888888889999192998991888100000088888888888
88888888888888889999191199291188100001088888888888
88888888888888881111199111999819000001098888888888
88888888888888881111289661198899010101098888888888
88888888888888891919999916198891010001018888888888
88888888888888891619819969119911001800011988888888
88888888888888891119916666611110000110099188888888
88888888888888899191116666909110001000096188888888
88888888888888891191161611109200011000096198888888
88888888888888991191166111111911011100161118888888
88888888888888991691119611211119001101111118888888
88888888888888292191119966111101100000991112888888
88888888888888186191016916101010000008999196888888
88888888888888296161091966111100010188199919888888
88888888888888916611991669121880111088999991888888
88888888888888911110896999111880010188899996188888
88888888888919991111899909110888889888899989188888
88888888889889991110899911119888888888881981118888
88888889819991911112891999118888888888888981111888
88888889819119919118999999999118888888888891191188
88888889111199118118919999999999998888888911191919
88888899111111889989911111191888989889888989198889
88888991118888888881119111098889889988888991888889
88888889088888888882108888882291338888888888988888
88888888888888888888888888888333388888888888888888
88888888888888888888888888888333388888888888888888
88888888888888888888988888988233889888888888888888
88888888888888888888988988988898888988888888888888
88888888888888888899998889999898998988888888888888
88888888888888888888989889888898998988888888888888
88888888888888888998898889898898998988888888888888
88888888888888888998898989899898998988888888888888
88888888888888888888988988988898888988888888888888
88888888888888888889999999988999889888888888888888
88888888888888888999999889999988998888888888888888
88888888888888888898888999888989998988888888888888
88888888888888888888888889988989889988888888888888
88888888888888888988898889998988898988888888888888
88888888888888888999999999999999998988888888888888
88888888888888888888888888998888889888888888888888
89888898888888999988888888889999888889888888888888
89999999999999999999999999999999999999999999999999
89999999999999999999999999999999999999999999999999
99999999999999999999999999999999999999999999999999
99999999999999999999999999999999999999999999999999
N88888888888888888888888888888888888888888888888888
88888888888888888888888888888888888888888888888888
88888888888888888888888888888888888888888888988888
88888888888888888888888888888888888888888800000888
88888888888888888888888888888911991188888110000088
88888888888888888888888888881169988899999010000018
88888888888888888888888888111699888889111010000008
88888888888888888888881911116668888888819010000008
88888888888888888888992110999669888881911010000008
88888888888888888888991110169969899001111011000008
88888888888888888889991100169969890991100001800018
88888888888888888881991110166969929190100000110088
88888888888888888819191111111611191991000001000088
88888888888888888991991111111111991111910001000088
88888888888888889996999009111111211111910011000888
88888888888888889926919919916911111111110000000888
88888888888888819121199119919991101111100001991888
88888888888888899211999119619990000000001109921888
88888888888888199111991119699611888888001109961888
88888888888888999111111019996619888888101001961888
88888888991981991111110019991108888888881091961888
88888989888911911111011168111088888888888881911888
88888991989292111110911199111188888888888880111188
88898112991911111119111129999999918888888889911919
88898111119991110011111999998882998999888999111119
88999111111191100111111281999818989989888991918889
89991088888891111198888011111899881889888899898889
88810888888888191088888889110888888888888888911088
88888888888888888888888888888888888888888888888888
88888888888888888888888888888888888888888888888888
88888888888888888888888888888888888888888888888888
88888888888888888888988888988988889888888888888888
88888888888888888888988988988898888988888888888888
88888888888888888899998889999898998988888888888888
88888888888888888888989889888898998988888888888888
88888888888888888998898889898898998988888888888888
88888888888888888998898989899898998988888888888888
88888888888888888888988988988898888988888888888888
88888888888888888889999999988999889888888888888888
88888888888888888999999889999988998888888888888888
88888888888888888898888999888989998988888888888888
88888888888888888888888889988989889988888888888888
88888888888888888988898889998988898988888888888888
88888888888888888999999999999999998988888888888888
88888888888888888888888888998888889888888888888888
89888898888888999988888888889999888889888888888888
89999999999999999999999999999999999999999999999999
89999999999999999999999999999999999999999999999999
99999999999999999999999999999999999999999999999999
99999999999999999999999999999999999999999999999999
N88888888888888888888888888888888888888888888888888
88888888888888888888888888888888888888888100188888
88888888888888888888888888888888888888880000008888
88888888888888888888219888911129999999291000000888
88888888888888888881121211911199888991201000000888
88888888888888888819211119166698888899110109000988
88888888888888888899111119966698888881110101000988
88888888888888888199111111999669899010110100000988
88888888888888888911111111699961911111100098000888
88888888888888889929211111669961921111000001100888
88888888888888889199211111616691098100000010000888
88888888888888899299910111111611911111000100000888
88888888888888891219910011111101111111100110000888
88888888888888191119910019161111111011100000019888
88888888888888999119910019991911100110000019119888
88888888888889991161110109999910000000011199611888
88888888888881991161101019969618888980111099661888
88888888888889912121011016969618888880110199961888
88888888888889911111810119669618888888000819961888
88888888888819221111811199119188888888888899961888
88888889881919111109111191811088888888888881991888
88881818889129211118111129111888888888888881911988
88881199999912111099122229999111988888888881911118
89992119999911000011199191198999991198888889919111
89981111999911210101111192988819989899988989119899
89921111110999019111100019981899889189888999998889
91108888888889210888888888111189998999999899911119
88988888888881108888888888888888888888888888889888
88888888888888888888888888888888888888888888888888
88888888888888888888888888888888888888888888888888
88888888888888888888888888888888888888888888888888
88888888888888888888988888988988889888888888888888
88888888888888888888988988988898888988888888888888
88888888888888888899998889999898998988888888888888
88888888888888888888989889888898998988888888888888
88888888888888888998898889898898998988888888888888
88888888888888888998898989899898998988888888888888
88888888888888888888988988988898888988888888888888
88888888888888888889999999988999889888888888888888
88888888888888888999999889999988998888888888888888
88888888888888888898888999888989998988888888888888
88888888888888888888888889988989889988888888888888
88888888888888888988898889998988898988888888888888
88888888888888888999999999999999998988888888888888
88888888888888888888888888998888889888888888888888
89888898888888999988888888889999888889888888888888
89999999999999999999999999999999999999999999999999
89999999999999999999999999999999999999999999999999
99999999999999999999999999999999999999999999999999
99999999999999999999999999999999999999999999999999
N88888888888888889291889988888888888888888888888888
88888888888888812911199919888888888888888888888888
88888888888888912191199899188888888880000088888888
88888888888888188991911199118888888800000018888888
88888888888888999911911119199999999211000008888888
88888888888889999991111999999888918101000009888888
88888888888889992921199898899988911901010001888888
88888888888888982291988888899998891101100001888888
88888888888898882191998988888929111900181009888888
88888888888898919121998988888811111000011108888888
88888888888898819101199998889911110000100002888888
88888888888888999101110999899219010001100000888888
88888888888888998101110989911111111011110011888888
88888888888988998101110998811111111000110191888888
88888888888188999101129998881110111100008111188888
88888888888188899191199919889101000000098881988888
88888888888189899181191191889110000010898889998888
88888888888989999081919192889188880110188888918888
88888888888989991882999991889188890110889888918888
88888889189999111889199999819188888810888988918888
88988988819989110989989199911188888888888988899888
88889198819991111991882111211118888888888818911188
88911999998921119922891199999889991988888882911191
89991111988919111111991928988889998999988999111999
89211199998881111111111889891828989989888999918889
82119999889111211111118888111891889889888998898889
90888888888991088888888888811018888888888888801118
88888888888888888888888888888888888888888888888888
88888888888888888888888888888888888888888888888888
88888888888888888888888888888888888888888888888888
88888888888888888888888888888888888888888888888888
88888888888888888888988888988988889888888888888888
88888888888888888888988988988898888988888888888888
88888888888888888899998889999898998988888888888888
88888888888888888888989889888898998988888888888888
88888888888888888998898889898898998988888888888888
88888888888888888998898989899898998988888888888888
88888888888888888888988988988898888988888888888888
88888888888888888889999999988999889888888888888888
88888888888888888999999889999988998888888888888888
88888888888888888898888999888989998988888888888888
88888888888888888888888889988989889988888888888888
88888888888888888988898889998988898988888888888888
88888888888888888999999999999999998988888888888888
88888888888888888888888888998888889888888888888888
89888898888888999988888888889999888889888888888888
89999999999999999999999999999999999999999999999999
89999999999999999999999999999999999999999999999999
99999999999999999999999999999999999999999999999999
99999999999999999999999999999999999999999999999999
N88888888888888889291889988888888888888888888888888
88888888888888812911199919888888888888888888888888
88888888888888912191199899188888888880000088888888
88888888888888188991911199118888888800000018888888
88888888888888999911911119199999999211000008888888
88888888888889999991111999999888918101000009888888
88888888888889992921199898899988911901010001888888
88888888888888982291988888899998891101100001888888
88888888888898882191998988888929111900181009888888
88888888888898919121998988888811111000011108888888
88888888888898819101199998889911110000100002888888
88888888888888999101110999899219010001100000888888
88888888888888998101110989911111111011110011888888
88888888888988998101110998811111111000110191888888
88888888888188999101129998881110111100008111188888
88888888888188899191199919889101000000098881988888
88888888888189899181191191889110000010898889998888
88888888888989999081919192889188880110188888918888
88888888888989991882999991889188890110889888918888
88888889189999111889199999819188888810888988918888
88988988819989110989989199911188888888888988899888
88889198819991111991882111211118888888888818911188
88911999998921119922891199999889991988888882911191
89991111988919111111991928988889998999988999111999
89211199998881111111111889891828989989888999918889
82119999889111211111118888111891889889888998898889
90888888888991088888888888811018888888888888801118
88888888888888888888888888888888888888888888888888
88888888888888888888888888888888888888888888888888
88888888888888888888888888888888888888888888888888
88888888888888888888888888888888888888888888888888
88888888888888888888988888988988889888888888888888
88888888888888888888988988988898888988888888888888
88888888888888888899998889999898998988888888888888
88888888888888888888989889888898998988888888888888
88888888888888888998898889898898998988888888888888
88888888888888888998898989899898998988888888888888
88888888888888888888988988988898888988888888888888
88888888888888888889999999988999889888888888888888
88888888888888888999999889999988998888888888888888
88888888888888888898888999888989998988888888888888
88888888888888888888888889988989889988888888888888
88888888888888888988898889998988898988888888888888
88888888888888888999999999999999998988888888888888
88888888888888888888888888998888889888888888888888
89888898888888999988888888889999888889888888888888
89999999999999999999999999999999999999999999999999
89999999999999999999999999999999999999999999999999
99999999999999999999999999999999999999999999999999
99999999999999999999999999999999999999999999999999
N88888888888881111112821188888888888888888888888888
88888888888881116299989118888888888888888888888888
88888888888818889999998999888888888890000888888888
88888888888899991999111891888888888810000088888888
88888888888891912129110119119919999110000008888888
88888888888991111111919821111999999111000008888888
88888888888969116111888899911199119901080008888888
88888888888811111119888819966199901101110008888888
88888888888811111119888819999129901100181008888888
88888888889891110112998116666109111000001008888888
88888888881881160011999121666121110000110018888888
88888888881881161111111169166190110001100018888888
88888888882886661111111169911121100011110018888888
88888888889896161111110166991111110001100119888888
88888888889826661111101111691101111000011111888888
88888888899826610112119119196110000000999966988888
88888888899891618111166118166100000011899996688888
88888888819991118161162119991198801110819966198888
88888888819961108116611089999018801100889999918888
88888889219911119119611081899118888109888999918888
98818888199911199299610889899111188888888999991188
91999991999121199199110888811988892198888818811191
99912999881191111112118888889888998889988999121999
91211999889811101111098888298898989989888999198889
91011111199191111111188888821889881989888199898889
88888888991088888888888888888111188888899899801911
88888888111888888888888888888888888888888888888888
88888888888888888888888888888888888888888888888888
88888888888888888888888888888888888888888888888888
88888888888888888888888888888888888888888888888888
88888888888888888888888888888888888888888888888888
88888888888888888888988888988988889888888888888888
88888888888888888888988988988898888988888888888888
88888888888888888899998889999898998988888888888888
88888888888888888888989889888898998988888888888888
88888888888888888998898889898898998988888888888888
88888888888888888998898989899898998988888888888888
88888888888888888888988988988898888988888888888888
88888888888888888889999999988999889888888888888888
88888888888888888999999889999988998888888888888888
88888888888888888898888999888989998988888888888888
88888888888888888888888889988989889988888888888888
88888888888888888988898889998988898988888888888888
88888888888888888999999999999999998988888888888888
88888888888888888888888888998888889888888888888888
89888888888889999988888888889999888889888888888888
89999999999999999999999999999999999999999999999999
89999999999999999999999999999999999999999999999999
99999999999999999999999999999999999999999999999999
99999999999999999999999999999999999999999999999999
N88888888888881111112821188888888888888888888888888
88888888888881116299989118888888888888888888888888
88888888888818889999998999888888888890000888888888
88888888888899991999111891888888888810000088888888
88888888888891912129110119119919999110000008888888
88888888888991111111919821111999999111000008888888
88888888888969116111888899911199119901080008888888
88888888888811111119888819966199901101110008888888
88888888888811111119888819999129901100181008888888
88888888889891110112998116666109111000001008888888
88888888881881160011999121666121110000110018888888
88888888881881161111111169166190110001100018888888
88888888882886661111111169911121100011110018888888
88888888889896161111110166991111110001100119888888
88888888889826661111101111691101111000011111888888
88888888899826610112119119196110000000999966988888
88888888899891618111166118166100000011899996688888
88888888819991118161162119991198801110819966198888
88888888819961108116611089999018801100889999918888
88888889219911119119611081899118888109888999918888
98818888199911199299610889899111188888888999991188
91999991999121199199110888811988892198888818811191
99912999881191111112118888889888998889988999121999
91211999889811101111098888298898989989888999198889
91011111199191111111188888821889881989888199898889
88888888991088888888888888888111188888899899801911
88888888111888888888888888888888888888888888888888
88888888888888888888888888888888888888888888888888
88888888888888888888888888888888888888888888888888
88888888888888888888888888888888888888888888888888
88888888888888888888888888888888888888888888888888
88888888888888888888988888988988889888888888888888
88888888888888888888988988988898888988888888888888
88888888888888888899998889999898998988888888888888
88888888888888888888989889888898998988888888888888
88888888888888888998898889898898998988888888888888
88888888888888888998898989899898998988888888888888
88888888888888888888988988988898888988888888888888
88888888888888888889999999988999889888888888888888
88888888888888888999999889999988998888888888888888
88888888888888888898888999888989998988888888888888
88888888888888888888888889988989889988888888888888
88888888888888888988898889998988898988888888888888
88888888888888888999999999999999998988888888888888
88888888888888888888888888998888889888888888888888
89888888888889999988888888889999888889888888888888
89999999999999999999999999999999999999999999999999
89999999999999999999999999999999999999999999999999
99999999999999999999999999999999999999999999999999
99999999999999999999999999999999999999999999999999
N88888888888888888888888888888888888888888888888888
88888888888888888888888888888888891119988888888880
88888888888888888888888888888881111119999999988811
88888888888888888888888888891111111699988999991111
88888888888888888888821219911111166698888889901111
88888888888888888889129919911111199669888888909811
88888888888888888881982211111101999669999119901910
88888888888888888812896611111101169969990999901900
88888888888888888109991911121111166916919911900000
88888888888888889299111691111111166111019901100001
88888888888888899882999161111111111111911110000000
88888888888888999966999011111166111111111111100011
88888888888881188969999100111199919911111011000011
88888888888891889266199111900099969911110101010000
88888888888919891211699101011099969111111000001008
88888888888198899111999111001199996110000180010018
88888888881188891116611111011999696188888880011018
88899988891988911121100001111191191888888888000018
89888891119996121110011111108198111888888880121198
99888899929911111111111111089989118888888811111118
89999989999111111111111110889199999911888011119111
99999989911111101111111098889989999888988919191199
91199999111100011126100888889899989989888999918889
91111119821001111111188888888899881889988999898881
88898920888888888888888888888811111088888811911991
88821118888888888888888888888888888888888888888888
88888888888888888888888888888888888888888888888888
88888888888888888888888888888888888888888888888888
88888888888888888888888888888888888888888888888888
88888888888888888888888888888888888888888888888888
88888888888888888888888888888888888888888888888888
88888888888888888888988888988988889888888888888888
88888888888888888888988988988898888988888888888888
88888888888888888899998889999898998988888888888888
88888888888888888888989889888898998988888888888888
88888888888888888998898889898898998988888888888888
88888888888888888998898989899898998988888888888888
88888888888888888888988988988898888988888888888888
88888888888888888889999999988999889888888888888888
88888888888888888999999889999988998888888888888888
88888888888888888898888999888989998988888888888888
88888888888888888888888889988989889988888888888888
88888888888888888988898889998988898988888888888888
88888888888888888999999999999999998988888888888888
88888888888888888888888888998888889888888888888888
89888888888889999988888888889999888889888888888888
89999999999999999999999999999999999999999999999999
89999999999999999999999999999999999999999999999999
99999999999999999999999999999999999999999999999999
99999999999999999999999999999999999999999999999999
N88888888888888888888888888888888811112288888888801
88888888888888888888888888888891119999999999988111
88888888888888888888888999111119999988888999911111
88888888888888888881199999211119988888888889191901
88888888888888888819881219111119288888888888191101
88888888888888888118899919111019888899991011099901
88888888888888882198888911111019988889919199111000
88888888888888882999898991111119998999121911100001
88888888888888899898889891111111199811199101000001
88888888888888988898881911121192999111111111100011
88888888888889888888891001112182919011111111000011
88888888888891888888981000111198911911111111000001
88888888888818899919881011101188818811101000000000
88888888888188899118881110001198898811010000001098
88888888882988891198911110111918898990009880111088
88888888891888991191101111108998889188888880111088
88888888819888991910011111188989889188888889000188
89999988918899921101191111188998191888888888199188
88888891998899111099110910888989119888888888199188
99888899999991211911911108888989911988888118199118
89999899999911109999911188888899988899982118199119
99999888192110119999119888888899989889888989198889
99999989111001111921188888889999889989888999988881
99999921111111111118888888888881192991211111999999
88989198888888888888888888888881110188110888881911
88889888888888888888888888888888888888928888888888
88888888888888888888888888888888888888888888888888
88888888888888888888888888888888888888888888888888
88888888888888888888888888888888888888888888888888
88888888888888888888888888888888888888888888888888
88888888888888888888888888888888888888888888888888
88888888888888888888988888988988889888888888888888
88888888888888888888988988988898888988888888888888
88888888888888888899998889999898998988888888888888
88888888888888888888989889888898998988888888888888
88888888888888888998898889898898998988888888888888
88888888888888888998898989899898998988888888888888
88888888888888888888988988988898888988888888888888
88888888888888888889999999988999889888888888888888
88888888888888888999999889999988998888888888888888
88888888888888888898888999888989998988888888888888
88888888888888888888888889988989889988888888888888
88888888888888888988898889998988898988888888888888
88888888888888888999999999999999998988888888888888
88888888888888888888888888998888889888888888888888
89888888888889999988888888889999888889888888888888
89999999999999999999999999999999999999999999999999
89999999999999999999999999999999999999999999999999
99999999999999999999999999999999999999999999999999
99999999999999999999999999999999999999999999999999
N88888888888811888999991111011192999999988111100009
88888888888918888899999111199199999991991190100001
88888888888298899999191999989889999988909110111000
88888888888988999989191999889888999998909990118000
88888888888888881999911999889888892201119900111800
88888888889888891999111999981888889199990000111001
88888888889888891199111199991888889191110000000008
88888888888899191001121109199998891110110001110008
88888888818889191111111111119999911111110001110098
88888888818889191111111111118899111111000000000988
88888888298899110111910111108888111011000000018888
88888888188899911119911100018988910100000000118888
88888888188899911119191188819188891000801102118888
88888889188899901191191888889898991888101110919888
88888881888999111991991888881898891888801009991888
88888881888819199919911888881998891888888908891888
89988899889991999999918888888998121888888818899888
88881999899110999899198888888999918888888889899888
88889988899102998891088888888998911988888881892188
99898998911109988910888888888999999991998881991211
99998889111019989118888888888989999888988919991199
91998881190111191188888888888998989989888999928889
92111989111111111888888888888899889889889999898891
88911988888888898888888888888881111110108899111911
99108888888888888888888888888888810111088888889119
88888888888888888888888888888888891111888888888888
88888888888888888888888888888888881118888888888888
88888888888888888888888888888888881188888888888888
88888888888888888888888888888888888888888888888888
88888888888888888888888888888888888888888888888888
88888888888888888888888888888888888888888888888888
88888888888888888888988888988988889888888888888888
88888888888888888888988988988898888988888888888888
88888888888888888899998889999898998988888888888888
88888888888888888888989889888898998988888888888888
88888888888888888998898889898898998988888888888888
88888888888888888998898989899898998988888888888888
88888888888888888888988988988898888988888888888888
88888888888888888889999999988999889888888888888888
88888888888888888999999889999988998888888888888888
88888888888888888898888999888989998988888888888888
88888888888888888888888889988989889988888888888888
88888888888888888988898889998988898988888888888888
88888888888888888999999999999999998988888888888888
88888888888888888888888888998888889888888888888888
89888888888889999988888888889999888889888888888888
89999999999999999999999999999999999999999999999999
89999999999999999999999999999999999999999999999999
99999999999999999999999999999999999999999999999999
99999999999999999999999999999999999999999999999999
N88888888888811888999991111011192999999988111100009
88888888888918888899999111199199999991991190100001
88888888888298899999191999989889999988909110111000
88888888888988999989191999889888999998909990118000
88888888888888881999911999889888892201119900111800
88888888889888891999111999981888889199990000111001
88888888889888891199111199991888889191110000000008
88888888888899191001121109199998891110110001110008
88888888818889191111111111119999911111110001110098
88888888818889191111111111118899111111000000000988
88888888298899110111910111108888111011000000018888
88888888188899911119911100018988910100000000118888
88888888188899911119191188819188891000801102118888
88888889188899901191191888889898991888101110919888
88888881888999111991991888881898891888801009991888
88888881888819199919911888881998891888888908891888
89988899889991999999918888888998121888888818899888
88881999899110999899198888888999918888888889899888
88889988899102998891088888888998911988888881892188
99898998911109988910888888888999999991998881991211
99998889111019989118888888888989999888988919991199
91998881190111191188888888888998989989888999928889
92111989111111111888888888888899889889889999898891
88911988888888898888888888888881111110108899111911
99108888888888888888888888888888810111088888889119
88888888888888888888888888888888891111888888888888
88888888888888888888888888888888881118888888888888
88888888888888888888888888888888881188888888888888
88888888888888888888888888888888888888888888888888
88888888888888888888888888888888888888888888888888
88888888888888888888888888888888888888888888888888
88888888888888888888988888988988889888888888888888
88888888888888888888988988988898888988888888888888
88888888888888888899998889999898998988888888888888
88888888888888888888989889888898998988888888888888
88888888888888888998898889898898998988888888888888
88888888888888888998898989899898998988888888888888
88888888888888888888988988988898888988888888888888
88888888888888888889999999988999889888888888888888
88888888888888888999999889999988998888888888888888
88888888888888888898888999888989998988888888888888
88888888888888888888888889988989889988888888888888
88888888888888888988898889998988898988888888888888
88888888888888888999999999999999998988888888888888
88888888888888888888888888998888889888888888888888
89888888888889999988888888889999888889888888888888
89999999999999999999999999999999999999999999999999
89999999999999999999999999999999999999999999999999
99999999999999999999999999999999999999999999999999
99999999999999999999999999999999999999999999999999
N88888888189999911999111111119112888888810100008888
88888888882219661199119111891111999118810100000888
88888889886911661199188888899911191191110119000888
88888889886911666129988888981991199919999111000888
88888889886111199111988888881999919991991011100888
88888881882110116112199888891699910990190011810888
88888881888110001111119998911166619990000111100888
88888822888111111111111199916166111990000001001888
88888819889211111111111101119961110100000111009888
88888818881621111111111110019999111100000111008888
88888818886621112191111111116669110000000010088888
88888228896111111161100111111619610000000001888888
88888198816111161161888911111196610191010991288888
88888198961611611611888888881981619801110896188888
88888198161116611611888888881181611901110896198888
88889188961169161618888888888189911801100999618888
88189689911091661108888888888188990888818199998888
88819999110119991188888888888888989198888819991888
88989991110169911188888888888898998999919819919912
99989911911169611888888888888888999888988999929999
99888119101911118888888888888998989989888999998889
92298891221110188888888888888899889888999999898899
91999988888891888888888888888888911111111888111119
88888888888888888888888888888888331111888888881119
88888888888888888888888888888888331888888888888888
88888888888888888888888888888889332888888888888888
88888888888888888888888888888888988888888888888888
88888888888888888888888888888888888888888888888888
88888888888888888888888888888888888888888888888888
88888888888888888888888888888888888888888888888888
88888888888888888888888888888888888888888888888888
88888888888888888888988888988988889888888888888888
88888888888888888888988988988898888988888888888888
88888888888888888899998889999898998988888888888888
88888888888888888888989889888898998988888888888888
88888888888888888998898889898898998988888888888888
88888888888888888998898989899898998988888888888888
88888888888888888888988988988898888988888888888888
88888888888888888889999999988999889888888888888888
88888888888888888999999889999988998888888888888888
88888888888888888898888999888989998988888888888888
88888888888888888888888889988989889988888888888888
88888888888888888988898889998988898988888888888888
88888888888888888999999999999999998988888888888888
88888888888888888888888888998888889888888888888888
89888888888889999988888888889999888889888888888888
89999999999999999999999999999999999999999999999999
89999999999999999999999999999999999999999999999999
99999999999999999999999999999999999999999999999999
99999999999999999999999999999999999999999999999999
N88888888189999911999111111119112888888810100008888
88888888882219661199119111891111999118810100000888
88888889886911661199188888899911191191110119000888
88888889886911666129988888981991199919999111000888
88888889886111199111988888881999919991991011100888
88888881882110116112199888891699910990190011810888
88888881888110001111119998911166619990000111100888
88888822888111111111111199916166111990000001001888
88888819889211111111111101119961110100000111009888
88888818881621111111111110019999111100000111008888
88888818886621112191111111116669110000000010088888
88888228896111111161100111111619610000000001888888
88888198816111161161888911111196610191010991288888
88888198961611611611888888881981619801110896188888
88888198161116611611888888881181611901110896198888
88889188961169161618888888888189911801100999618888
88189689911091661108888888888188990888818199998888
88819999110119991188888888888888989198888819991888
88989991110169911188888888888898998999919819919912
99989911911169611888888888888888999888988999929999
99888119101911118888888888888998989989888999998889
92298891221110188888888888888899889888999999898899
91999988888891888888888888888888911111111888111119
88888888888888888888888888888888331111888888881119
88888888888888888888888888888888331888888888888888
88888888888888888888888888888889332888888888888888
88888888888888888888888888888888988888888888888888
88888888888888888888888888888888888888888888888888
88888888888888888888888888888888888888888888888888
88888888888888888888888888888888888888888888888888
88888888888888888888888888888888888888888888888888
88888888888888888888988888988988889888888888888888
88888888888888888888988988988898888988888888888888
88888888888888888899998889999898998988888888888888
88888888888888888888989889888898998988888888888888
88888888888888888998898889898898998988888888888888
88888888888888888998898989899898998988888888888888
88888888888888888888988988988898888988888888888888
88888888888888888889999999988999889888888888888888
88888888888888888999999889999988998888888888888888
88888888888888888898888999888989998988888888888888
88888888888888888888888889988989889988888888888888
88888888888888888988898889998988898988888888888888
88888888888888888999999999999999998988888888888888
88888888888888888888888888998888889888888888888888
89888888888889999988888888889999888889888888888888
89999999999999999999999999999999999999999999999999
89999999999999999999999999999999999999999999999999
99999999999999999999999999999999999999999999999999
99999999999999999999999999999999999999999999999999
N88888888888888888888888888888888888888888888888888
88888888888888888888888888888888888888888888888888
88888888888888888888889000018888888888888888888888
88888888888888888888881000001888888888888888888888
88888888888888888888891119110888888888888888888888
88888888888888888888801111111888888888888888888888
88888888888888888888901118110888888888888888888888
88888888888888888888810188111888888888888888888888
88888888888888888888800089911888888888888888888888
88888888888888888888800009110888888888888888888888
88888888888888888888800001991888888888888888888888
88888888888888888888010009981188888888888888888888
88888888888888888888100889181111888888888888888888
88888888888888888888110989189290888888888888888888
88888888888888888888900899999911288888888888888888
88888888888888888888811819899211088888888888888888
88888888888888888888888999889911088888888888888888
88888888888888888888889999898911088888888888888888
88888888888888888888881811889991999889888989898889
88888888888888888888889919991999889988888989998889
88888888888888888898881920188811998898999899889899
88888888888888888808881211898911988888888888888888
88888888888888888988889111888910188888888888888888
88888888888888888188888111988911188888888888888888
88888888888888889888888111889111888888888888888888
88888888888888888888888111889110888888888888888888
88888888888888888888888119888910888888888888888888
88888888888888888888888919881911188888888888888888
88888888888888888888888891881111198888888888888888
88888888888888888888888891111011118888888888888888
88888888888888888888888811110121191888888888888888
88888888888888888888988898988891881888888888888888
88888888888888888888988988988828888988888888888888
88888888888888888899998889199898128988888888888888
88888888888888888888999881988898118988888888888888
88888888888888888998818889988898118988888888888888
88888888888888888998898989999898998988888888888888
88888888888888888888988988988818888988888888888888
88888888888888888889999899988999989881988888888888
88888888888888888999989811199989988888919888888888
88888888888888888898888910188981999999881888888888
88888888888888888888888889188989889988889888888888
88888888888888888988898889998988898988888888888888
88888888888888888999999999999999998119888888888888
88888888888888888989999999998888889881198888888888
89888888888889999999111991199999911128999888888888
89999999999999999999999999999999999999999999999999
89999999999999999999999999999999999999999999999999
99999999999999999999999999999999999999999999999999
99999999999999999999999999999999999999999999999999
N88888888888888888888888888888888888888888888888888
88888888888888888888888888888888888888888888888888
88888888888888888888888888888888888888888888888888
88888888888888888888888880098888888888888888888888
88888888888888888888888000000888888888888888888888
88888888888888888888889800000188888888888888888888
88888888888888888888880111111088888888888888888888
88888888888888888888800110011088888888888888888888
88888888888888888888801119911188888888888888888888
88888888888888888888891118911888888888888888888888
88888888888888888888880009911088888888888888888888
88888888888888888888880000000888888888888888888888
88888888888888888888890001899888888888888888888888
88888888888888888888911091988119888888888888888888
88888888888888888888010181919111988888888888888888
88888888888888888888911089998991088888888888888888
88888888888888888888820181999991088888888888888888
88888888888888888888888819888911198888888888888889
88888888888888888888888999988889989889888989998888
88888888888888888888888992182989889988888989888889
88888888888888888888888181198981198888888888888888
88888888888888888881888111111891118888888888888888
88888888888888888898888191118891018888888888888888
88888888888888888818888111188990118888888888888888
88888888888888888998888119188891188888888888888888
88888888888888888988888819198890088888888888888888
88888888888888888888888819298810188888888888888888
88888888888888888888888819998811188888888888888888
88888888888888888888888812998891088888888888888888
88888888888888888888888891198919118888888888888888
88888888888888888888888882899111121888888888888888
88888888888888888888988888988111989988888888888888
88888888888888888888988988988818888288888888888888
88888888888888888899998889199898928988888888888888
88888888888888888888989889188898918988888888888888
88888888888888888998898889988898118988888888888888
88888888888888888998898989999898998988888888888888
88888888888888888888988988988898888988888888888888
88888888888888888889999899988999989881988888888888
88888888888888888999989881999911888888918888888888
88888888888888888898888911188981999999889888888888
88888888888888888888888889188989889988888888888888
88888888888888888988898889998988898988888888888888
88888888888888888999999999999999998919888888888888
88888888888888888988999999998888889881998888888888
89888888888889998899119981119998911118999888888888
89999999999999999999999999999999999999999999999999
89999999999999999999999999999999999999999999999999
99999999999999999999999999999999999999999999999999
99999999999999999999999999999999999999999999999999
N88888888888888888880111110088888888888888888888888
88888888888888888810111111088888888888888888888888
88888888888888888811111991088888888888888888888888
88888888888888888881019991188888888888888888888888
88888888888888888880000989088888888888888888888888
88888888888888888880000001188888888888888888888888
88888888888888888880000989088888888888888888888888
88888888888888888801000998118888888888888888888888
88888888888888888811088199901888888888888888888888
88888888888888888811018918891188888888888888888888
88888888888888888880091199991088888888888888888888
88888888888888888888029988891188888888888888888888
88888888888888888898891988881198888888888888888888
88888888888888888818181998899118888888888888888888
88888888888888888988981191991118888888888888888888
88888888888888888988199019991198888888888888888888
88888888888888888888999118891188888888888888888888
88888888888888888888111198991188999888888999898889
88888888888888888888119189891999889988888999998889
88888888888888888888922198890899988998999899989899
88888888888888888888919198891088888888888888888888
88888888888888888888919998811088888888888888888888
88888888888888888888819988911188888888888888888888
88888888888888888888899188281988888888888888888888
88888888888888888888819198101288888888888888888888
88888888888888888888898111101088888888888888888888
88888888888888888888819811011098888888888888888888
88888888888888888888811810181118888888888888888888
88888888888888888888881111881118888888888888888888
88888888888888888888812998891118888888888888888888
88888888888888888888919888811118888888888888888888
88888888888888888888988888988918888888888888888888
88888888888888888888998988988898888988888888888888
88888888888888888899998889999898998988888888888888
88888888888888888888988889988898998988888888888888
88888888888888888998888889988898998988888888888888
88888888888888888998898989899898998988888888888888
88888888888888888888988188988898888988888888888888
88888888888888888889999919988999889811888888888888
88888888888888888999999998999991888888188888888888
88888888888888888898888189188989889998889888888888
88888888888888888888888889188989889988888888888888
88888888888888888988998889998988898988888888888888
88888888888888888999999999999999998911888888888888
88888888888888889199999998888888889889119888888888
89888888888889999999991999991988891919899888888888
89999999999999999999999998988899999999999999999999
89999999999999999999999999999999999999999999999999
99999999999999999999999999999999999999999999999999
99999999999999999999999999999999999999999999999999
N88888888888888888880111110088888888888888888888888
88888888888888888810111111088888888888888888888888
88888888888888888811111991088888888888888888888888
88888888888888888881019991188888888888888888888888
88888888888888888880000989088888888888888888888888
88888888888888888880000001188888888888888888888888
88888888888888888880000989088888888888888888888888
88888888888888888801000998118888888888888888888888
88888888888888888811088199901888888888888888888888
88888888888888888811018918891188888888888888888888
88888888888888888880091199991088888888888888888888
88888888888888888888029988891188888888888888888888
88888888888888888898891988881198888888888888888888
88888888888888888818181998899118888888888888888888
88888888888888888988981191991118888888888888888888
88888888888888888988199019991198888888888888888888
88888888888888888888999118891188888888888888888888
88888888888888888888111198991188999888888999898889
88888888888888888888119189891999889988888999998889
88888888888888888888922198890899988998999899989899
88888888888888888888919198891088888888888888888888
88888888888888888888919998811088888888888888888888
88888888888888888888819988911188888888888888888888
88888888888888888888899188281988888888888888888888
88888888888888888888819198101288888888888888888888
88888888888888888888898111101088888888888888888888
88888888888888888888819811011098888888888888888888
88888888888888888888811810181118888888888888888888
88888888888888888888881111881118888888888888888888
88888888888888888888812998891118888888888888888888
88888888888888888888919888811118888888888888888888
88888888888888888888988888988918888888888888888888
88888888888888888888998988988898888988888888888888
88888888888888888899998889999898998988888888888888
88888888888888888888988889988898998988888888888888
88888888888888888998888889988898998988888888888888
88888888888888888998898989899898998988888888888888
88888888888888888888988188988898888988888888888888
88888888888888888889999919988999889811888888888888
88888888888888888999999998999991888888188888888888
88888888888888888898888189188989889998889888888888
88888888888888888888888889188989889988888888888888
88888888888888888988998889998988898988888888888888
88888888888888888999999999999999998911888888888888
88888888888888889199999998888888889889119888888888
89888888888889999999991999991988891919899888888888
89999999999999999999999998988899999999999999999999
89999999999999999999999999999999999999999999999999
99999999999999999999999999999999999999999999999999
99999999999999999999999999999999999999999999999999
N88888888888888881000991098888888888888888888888888
88888888888888880000000088888888888888888888888888
88888888888888880000089188888888888888888888888888
88888888888888880000988988888888888888888888888888
88888888888888800088999918888888888888888888888888
88888888888888801098198911888888888888888888888888
88888888888888801001119991888888888888888888888888
88888888888888881019998991988888888888888888888888
88888888888888888991998991088888888888888888888888
88888888888888888981188811088888888888888888888888
88888888888888889981198892088888888888888888888888
88888888888888882919199991188888888888888888888888
88888888888888889999019881188888888888888888888888
88888888888888881991198991188888888888888888888888
88888888888888882111289991188888888888888888888888
88888888888888889111998890888888888888888888888888
88888888888888888912288910888899999888888989898889
88888888888888881919988910888998889988888989988889
88888888888888881111188110888899988998999899989899
88888888888888881119989111888888888888888888888888
88888888888888881811881918888888888888888888888888
88888888888888829981111108888888888888888888888888
88888888888888819881111188888888888888888888888888
88888888888888891881100188888888888888888888888888
88888888888888891191091088888888888888888888888888
88888888888888811219881088888888888888888888888888
88888888888888819999891088888888888888888888888888
88888888888888899899811188888888888888888888888888
88888888888888898918911188888888888888888888888888
88888888888888999928911188888888888888888888888888
88888888888888916688911188888888888888888888888888
88888888888888211988989888988988888888888888888888
88888888888888119888998988988898888988888888888888
88888888888888118899918889999898998988888888888888
88888888888888118888119889888898998988888888888888
88888888888888128998818889888898998988888888888888
88888888888888128818818989899898998988888888888888
88888888888888118888988188988898888988888888888888
88888888888888118889199899988999889918888888888888
88888888888888118999199889299998888889098888888888
88888888888888828818888989188988889998889888888888
88888888888888898888888889188989889988888888888888
88888888888888819988998889998988898988888888888888
88888888888888889999999991999929998811988888888888
88888888888888881899999989998998889988119888888888
89888888888889998999119919999988892911989988888888
89999999999999999999119991111988999999999999999999
89999999999999999999999999999999999999999999999999
99999999999999999999999999999999999999999999999999
99999999999999999999999999999999999999999999999999
N88888888888888888801110001888888888888888888888888
88888888888888888801111911888888888888888888888888
88888888888888888900118811888888888888888888888888
88888888888888888811018911988888888888888888888888
88888888888888888801009891088888888888888888888888
88888888888888888810000019888888888888888888888888
88888888888888888810000818988888888888888888888888
88888888888888888800001918118888888888888888888888
88888888888888888010181989919888888888888888888888
88888888888888888011081819891888888888888888888888
88888888888888888800011189991888888888888888888888
88888888888888888881019998881188888888888888888888
88888888888888888888199988889188888888888888888888
88888888888888888888189189889188888888888888888888
88888888888888888888988119999198888888888888888888
88888888888888888888989111998118999888888988898889
88888888888888888888999911889999989888888989998889
88888888888888888888299111829889889888888999888889
88888888888888888888111119888298888888888888888888
88888888888888888888191129988188888888888888888888
88888888888888888888191219888088888888888888888888
88888888888888888888111619889088888888888888888888
88888888888888888888811198889088888888888888888888
88888888888888888888991219881988888888888888888888
88888888888888888888829191981188888888888888888888
88888888888888888888829881111188888888888888888888
88888888888888888888811881110088888888888888888888
88888888888888888888811881101088888888888888888888
88888888888888888888811191181198888888888888888888
88888888888888888888111192881108888888888888888888
88888888888888888888112991991118888888888888888888
88888888888888888888988988988108888888888888888888
88888888888888888888998988988898888988888888888888
88888888888888888899118889919898998988888888888888
88888888888888888888199889988898998988888888888888
88888888888888888998888889998898998988888888888888
88888888888888888118898989189898998988888888888888
88888888888888888888988188988898888988888888888888
88888888888888888889992119988999889118888888888888
88888888888888888999991819199998888889888888888888
88888888888888889898888189188988889988888888888888
88888888888888882888888889188989889988888888888888
88888888888888881988998889998988898988888888888888
88888888888888881991199991999929998891188888888888
88888888888888889299889988999999889988918988888888
89888888888889999199999999199998889911189988888888
89999999999999999999999111111118899999999999999999
89999999999999999999999999999999999999999999999999
99999999999999999999999999999999999999999999999999
99999999999999999999999999999999999999999999999999
N88888888888888888888888898888888888888888888888888
88888888888888888888890000088888888888888888888888
88888888888888888888800000008888888888888888888888
88888888888888888888908191108888888888888888888888
88888888888888888888011100018888888888888888888888
88888888888888888889001119118888888888888888888888
88888888888888888888111189108888888888888888888888
88888888888888888888110089118888888888888888888888
88888888888888888888010018119888888888888888888888
88888888888888888888000000118888888888888888888888
88888888888888888888000019998888888888888888888888
88888888888888888880009819981188888888888888888888
88888888888888888881108819999288888888888888888888
88888888888888888880100818299918888888888888888888
88888888888888888888008111999918888888888888888888
88888888888888888888811199988891999888888999998889
88888888888888888888881989988989889988888989888889
88888888888888888888891889198999988998999899989899
88888888888888888888899880199990188888888888888888
88888888888888888888899999011982188888888888888888
88888888888888888888889999111899188888888888888888
88888888888888888888881991119898188888888888888888
88888888888888888888881112119988188888888888888888
88888888888888888888881912199989988888888888888888
88888888888888888888881212111988988888888888888888
88888888888888888888889116111889888888888888888888
88888888888888888888888111919988888888888888888888
88888888888888888888888111611989188888888888888888
88888888888888888888888199991191188888888888888888
88888888888888888888888998181111088888888888888888
88888888888888888888888811988110018888888888888888
88888888888888888888988928188109888888888888888888
88888888888888888888998188288898888988888888888888
88888888888888888899918889299898918988888888888888
88888888888888888888199881988898218988888888888888
88888888888888888998898889988898918988888888888888
88888888888888888898898989899898198988888888888888
88888888888888888888988988988818888988888888888888
88888888888888888889199899989119889198888888888888
88888888888888888999299881119998888881888888888888
88888888888888888818888911088988889988888888888888
88888888888888888888888889188989889988888888888888
88888888888888888188898889998988898988888888888888
88888888888888888299919999999999998891188888888888
88888888888888888199299989998899889998819988888888
89888888888889998189999919991998889911198988888888
89999999999999999989999889111119899999999999999999
89999999999999999989999999999999999999999999999999
99999999999999999999999999999999999999999999999999
99999999999999999999999999999999999999999999999999
N88888888888888888888888888888888888888888888888888
88888888888888888888888888888888888888888888888888
88888888888888888888888888888888888888888888888888
88888888888888888888888000008888888888888888888888
88888888888888888888880000000888888888888888888888
88888888888888888888891819110888888888888888888888
88888888888888888888801111110888888888888888888888
88888888888888888888101110911888888888888888888888
88888888888888888888111118810888888888888888888888
88888888888888888888811018911888888888888888888888
88888888888888888888801009811888888888888888888888
88888888888888888888800000011888888888888888888888
88888888888888888888800009891888888888888888888888
88888888888888888889110919899188888888888888888888
88888888888888888880110899919918998888888988898889
88888888888888888888110811998889989888888989998888
88888888888888888888800821189989889888888989888889
88888888888888888888888119998891188888888888888888
88888888888888888888882199998888188888888888888888
88888888888888888888881188919829188888888888888888
88888888888888888888881988119999018888888888888888
88888888888888888888881989901918918888888888888888
88888888888888888888881998911188918888888888888888
88888888888888888888888299211989918888888888888888
88888888888888888888888111111188898888888888888888
88888888888888888888888199111198818888888888888888
88888888888888888888888199912198818888888888888888
88888888888888888888888119991198818888888888888888
88888888888888888888888819991188818888888888888888
88888888888888888888888821999198818888888888888888
88888888888888888888888829988919819888888888888888
88888888888888888888988818988811889888888888888888
88888888888888888888998988988818888988888888888888
88888888888888888899998882119818928988888888888888
88888888888888888888989881188898918988888888888888
88888888888888888998898881998898918988888888888888
88888888888888888898898989999898118988888888888888
88888888888888888888988988988898888988888888888888
88888888888888888889199899989199889198888888888888
88888888888888888999299888899991188881988888888888
88888888888888888898888989188988889988898888888888
88888888888888888888888889188989889988888888888888
88888888888888888988898889998988898988888888888888
88888888888888888299999999999999998981198888888888
88888888888888888188989989988899889998819988888888
89888888888889998188999919991998889911198988888888
89999999999999999888999889111111899999999999999999
89999999999999999999999999999999999999999999999999
99999999999999999999999999999999999999999999999999
99999999999999999999999999999999999999999999999999
N88888888888888888880091111088888888888888888888888
88888888888888888800111001188888888888888888888888
88888888888888888801011991088888888888888888888888
88888888888888888801111891188888888888888888888888
88888888888888888811100990088888888888888888888888
88888888888888888880000110088888888888888888888888
88888888888888888880000091188888888888888888888888
88888888888888888881000988188888888888888888888888
88888888888888888911081981918888888888888888888888
88888888888888888011089190991888888888888888888888
88888888888888888811081929999188888888888888888888
88888888888888888880011119999188888888888888888888
88888888888888888888119899888118888888888888888888
88888888888888888888198891989818888888888888888888
88888888888888888888198891999891999888888989888889
88888888888888888888188821999989889988888989888889
88888888888888888888999991121991998998999899989999
88888888888888888888199991118891888888888888888888
88888888888888888888119911298291888888888888888888
88888888888888888888111291198882888888888888888888
88888888888888888888919911119881888888888888888888
88888888888888888888119991119881888888888888888888
88888888888888888888999991119881888888888888888888
88888888888888888888810999118881888888888888888888
88888888888888888888899999919881888888888888888888
88888888888888888888899898811991888888888888888888
88888888888888888888819988811110888888888888888888
88888888888888888888819198811109888888888888888888
88888888888888888888819118810008888888888888888888
88888888888888888888819112909910888888888888888888
88888888888888888888911292988911888888888888888888
88888888888888888888988998988111888888888888888888
88888888888888888888998988988818888988888888888888
88888888888888888899998889999818998988888888888888
88888888888888888888229889888898998988888888888888
88888888888888888998898889898898998988888888888888
88888888888888888998898989999898998988888888888888
88888888888888888888988988988898888988888888888888
88888888888888889889999819988198889188888888888888
88888888888888881998889811999998888881888888888888
88888888888888881898888911988988889988888888888888
88888888888888889888888889188989889988888888888888
88888888888888889988898889198988898998888888888888
88888888888888881199919999999999998981118888888888
88888888888888881989188899899991989998881988888888
89888888888889999989999999888898889921119988888888
89999999999999998188929199999911999999999999999999
89999999999999999991111119899999999999999999999999
99999999999999999999999999999999999999999999999999
99999999999999999999999999999999999999999999999999
N88888888888888888880091111088888888888888888888888
88888888888888888800111001188888888888888888888888
88888888888888888801011991088888888888888888888888
88888888888888888801111891188888888888888888888888
88888888888888888811100990088888888888888888888888
88888888888888888880000110088888888888888888888888
88888888888888888880000091188888888888888888888888
88888888888888888881000988188888888888888888888888
88888888888888888911081981918888888888888888888888
88888888888888888011089190991888888888888888888888
88888888888888888811081929999188888888888888888888
88888888888888888880011119999188888888888888888888
88888888888888888888119899888118888888888888888888
88888888888888888888198891989818888888888888888888
88888888888888888888198891999891999888888989888889
88888888888888888888188821999989889988888989888889
88888888888888888888999991121991998998999899989999
88888888888888888888199991118891888888888888888888
88888888888888888888119911298291888888888888888888
88888888888888888888111291198882888888888888888888
88888888888888888888919911119881888888888888888888
88888888888888888888119991119881888888888888888888
88888888888888888888999991119881888888888888888888
88888888888888888888810999118881888888888888888888
88888888888888888888899999919881888888888888888888
88888888888888888888899898811991888888888888888888
88888888888888888888819988811110888888888888888888
88888888888888888888819198811109888888888888888888
88888888888888888888819118810008888888888888888888
88888888888888888888819112909910888888888888888888
88888888888888888888911292988911888888888888888888
88888888888888888888988998988111888888888888888888
88888888888888888888998988988818888988888888888888
88888888888888888899998889999818998988888888888888
88888888888888888888229889888898998988888888888888
88888888888888888998898889898898998988888888888888
88888888888888888998898989999898998988888888888888
88888888888888888888988988988898888988888888888888
88888888888888889889999819988198889188888888888888
88888888888888881998889811999998888881888888888888
88888888888888881898888911988988889988888888888888
88888888888888889888888889188989889988888888888888
88888888888888889988898889198988898998888888888888
88888888888888881199919999999999998981118888888888
88888888888888881989188899899991989998881988888888
89888888888889999989999999888898889921119988888888
89999999999999998188929199999911999999999999999999
89999999999999999991111119899999999999999999999999
99999999999999999999999999999999999999999999999999
99999999999999999999999999999999999999999999999999
N88888888888888801000910088888888888888888888888888
88888888888888800000019888888888888888888888888888
88888888888888810000889988888888888888888888888888
88888888888888901001889988888888888888888888888888
88888888888888010991191918888888888888888888888888
88888888888888011011899891888888888888888888888888
88888888888888800011298991888888888888888888888888
88888888888888880199199899188888888888888888888888
88888888888888891988988888188888888888888888888888
88888888888888811988998889918888888888888888888888
88888888888888119888919999918888888888888888888888
88888888888882119988811199108888888888888888888888
88888888888881119888919188918888888888888888888889
88888888888881919999919988918899999888888989888889
88888888888891891121119882918989889988888989888889
88888888888812811111191898918888998998999899989999
88888888888888811916911998918888888888888888888888
88888888888888811916111998988888888888888888888888
88888888888888812116111888188888888888888888888888
88888888888888819216611988188888888888888888888888
88888888888888812912611188188888888888888888888888
88888888888888129189919111188888888888888888888888
88888888888888129988891111088888888888888888888888
88888888888888191988811100888888888888888888888888
88888888888889191988811098888888888888888888888888
88888888888881991119111088888888888888888888888888
88888888888881919991991088888888888888888888888888
88888888888881129991991088888888888888888888888888
88888888888881129891991188888888888888888888888888
88888888888881199891911188888888888888888888888888
88888888888882192996911188888888888888888888888888
88888888888882191988989288988988888888888888888888
88888888888881161888998988988898888988888888888888
88888888888882111899928889999898998988888888888888
88888888888889111888919889888898998988888888888888
88888888888889111998818889888898998988888888888888
88888888888889612998818989899898998988888888888888
88888888888889662888988988988898888988888888888888
88888888888882662889199189988999889888888888888888
88888888888881162899119891999988888818888888888888
88888888888889162898888991988988889988988888888888
88888888888888162888888889188989889988888888888888
88888888888888112988998889198988898918888888888888
88888888888888912911119999919999998989119888888888
88888888888888819991088889199911189999881988888888
89888888888889811999988998918889889991199988888888
89999999999999989199299999199991189999999999999999
89999999999999999999991199119899999999999999999999
99999999999999999998999999999999999999999999999999
99999999999999999999999999999999999999999999999999
N88888888888888801000910088888888888888888888888888
88888888888888800000019888888888888888888888888888
88888888888888810000889988888888888888888888888888
88888888888888901001889988888888888888888888888888
88888888888888010991191918888888888888888888888888
88888888888888011011899891888888888888888888888888
88888888888888800011298991888888888888888888888888
88888888888888880199199899188888888888888888888888
88888888888888891988988888188888888888888888888888
88888888888888811988998889918888888888888888888888
88888888888888119888919999918888888888888888888888
88888888888882119988811199108888888888888888888888
88888888888881119888919188918888888888888888888889
88888888888881919999919988918899999888888989888889
88888888888891891121119882918989889988888989888889
88888888888812811111191898918888998998999899989999
88888888888888811916911998918888888888888888888888
88888888888888811916111998988888888888888888888888
88888888888888812116111888188888888888888888888888
88888888888888819216611988188888888888888888888888
88888888888888812912611188188888888888888888888888
88888888888888129189919111188888888888888888888888
88888888888888129988891111088888888888888888888888
88888888888888191988811100888888888888888888888888
88888888888889191988811098888888888888888888888888
88888888888881991119111088888888888888888888888888
88888888888881919991991088888888888888888888888888
88888888888881129991991088888888888888888888888888
88888888888881129891991188888888888888888888888888
88888888888881199891911188888888888888888888888888
88888888888882192996911188888888888888888888888888
88888888888882191988989288988988888888888888888888
88888888888881161888998988988898888988888888888888
88888888888882111899928889999898998988888888888888
88888888888889111888919889888898998988888888888888
88888888888889111998818889888898998988888888888888
88888888888889612998818989899898998988888888888888
88888888888889662888988988988898888988888888888888
88888888888882662889199189988999889888888888888888
88888888888881162899119891999988888818888888888888
88888888888889162898888991988988889988988888888888
88888888888888162888888889188989889988888888888888
88888888888888112988998889198988898918888888888888
88888888888888912911119999919999998989119888888888
88888888888888819991088889199911189999881988888888
89888888888889811999988998918889889991199988888888
89999999999999989199299999199991189999999999999999
89999999999999999999991199119899999999999999999999
99999999999999999998999999999999999999999999999999
99999999999999999999999999999999999999999999999999
N88888888888888888800111000188888888888888888888888
88888888888888888801110011188888888888888888888888
88888888888888888211010881888888888888888888888888
88888888888888888811100890888888888888888888888888
88888888888888888811100999088888888888888888888888
88888888888888888800000000888888888888888888888888
88888888888888888800000199888888888888888888888888
88888888888888888800001888188888888888888888888888
88888888888888888000811891918888888888888888888888
88888888888888888110991190889888888888888888888888
88888888888888888010011891899188888888888888888888
88888888888888888890191219889818888888888888888888
88888888888888888889999899988899989888888989998888
88888888888888888881198898988999889888888989888899
88888888888888888881928899189982898998999889989999
88888888888888888891989881199991888888888888888888
88888888888888888891999899101189188888888888888888
88888888888888888881988999121882988888888888888888
88888888889119888881199921219989988888888888888888
88888888888891098889111191219998988888888888888888
88888888888888110888119991111998988888888888888888
88888888888888889119118981111198888888888888888888
88888888888888888888299988111188818888888888888888
88888888888888888888191998111288818888888888888888
88888888888888888888289999991198818888888888888888
88888888888888888888198998892119118888888888888888
88888888888888888888998198888111008888888888888888
88888888888888888888929998881111088888888888888888
88888888888888888888829198881111888888888888888888
88888888888888888888819299990111888888888888888888
88888888888888888888119119999911888888888888888888
88888888888888888888989118988911888888888888888888
88888888888888888888998988988818888988888888888888
88888888888888888899928889999818998988888888888888
88888888888888888888999889888818998988888888888888
88888888888888888998898889888898998988888888888888
88888888888888889998898989999898998988888888888888
88888888888888889888988988988898888988888888888888
88888888888888889889999899988988889888888888888888
88888888888888899299889811999988888188888888888888
88888888888888819898888911988988889981888888888888
88888888888888819888888889188989889988888888888888
88888888888888819988898889198988898918888888888888
88888888888888819198991999919999998998911988888888
88888888888888819188812889999911199999988988888888
89888888888889891188918899899888889911188888888888
89999999999999989198999999199911299999999999999999
89999999999999999998912111111989999999999999999999
99999999999999999989111199999999999999999999999999
99999999999999999999999999999999999999999999999999
N88888888888888888888888001888888888888888888888888
88888888888888888888800000088888888888888888888888
88888888888888888888019000008888888888888888888888
88888888888888888888008111108888888888888888888888
88888888888888888880011110018888888888888888888888
88888888888888888880111008118888888888888888888888
88888888888888888880111019818888888888888888888888
88888888888888888880110009118888888888888888888888
88888888888888888881010009008888888888888888888888
88888888888888888882000000188888888888888888888888
88888888888888888889100019918888888888888888888888
88888888888888888810101199999888998888888988888889
88888888888888888801198198889999989888888989998899
88888888888888888801101298889989888888888899888899
88888888888888888880001911999991888888888888888888
88888888888888888888118999998888988888888888888888
88888888888888888888112988988888998888888888888888
88888888888888888888111888989999918888888888888888
88888888888888888888199988891999918888888888888888
88888888888888888888199888891199899888888888888888
88888888888888888188199888891118899888888888888888
88888888888888883388919999920128899888888888888888
88888888888888833888891192111199889988888888888888
88888888888888833888821111199199888188888888888888
88888888888888933888891291619119888188888888888888
88888888888888338888811281691111988188888888888888
88888888888888838888892292661111898988888888888888
88888888888888888888881111161119988998888888888888
88888888888888888888881991166119199108888888888888
88888888888888888888882189888981111188888888888888
88888888888888888888888199888881111188888888888888
88888888888888888888988118988991889888888888888888
88888888888888888888988188188898888988888888888888
88888888888888888899918889119898918988888888888888
88888888888888888888919881188818218988888888888888
88888888888888888998898881198898118988888888888888
88888888888888888998898989929898218988888888888888
88888888888888888888988988988898888988888888888888
88888888888888888889999998988111889888888888888888
88888888888888888199299888899198888188888888888888
88888888888888881898888988188988989989888888888888
88888888888888881888888889188989889988888888888888
88888888888888881988898889198988898919888888888888
88888888888888881919999999919999998998911988888888
88888888888888812119889989119911199999988988888888
89888888888889891119891899918889889911188988888888
89999999999999881918919999999899199999999999999999
89999999999999999928992911111198999999999999999999
99999999999999999888999919999999999999999999999999
99999999999999999999999999999999999999999999999999
N88888888888888888888889000888888888888888888888888
88888888888888888888800000088888888888888888888888
88888888888888888888188000008888888888888888888888
88888888888888888888001111108888888888888888888888
88888888888888888881011110018888888888888888888888
88888888888888888880111108918888888888888888888888
88888888888888888880111009808888888888888888888888
88888888888888888889111009108888888888888888888888
88888888888888888888110001008888888888888888888888
88888888888888888888000000118888888888888888888888
88888888888888888888100018198888888888888888888888
88888888888888888890101199189899999888888989998888
88888888888888888801108198999989889888888989888899
88888888888888888811101128999989888998999889989999
88888888888888888881001911998999188888888888888888
88888888888888888888909999198888998888888888888888
88888888888888888888111988998888118888888888888888
88888888888888888818119888998898918888888888888888
88888888888888888838199988819999911888888888888888
88888888888888888338191888881191181888888888888888
88888888888888882338119888881101882188888888888888
88888888888888882398929999991181888188888888888888
88888888888888893388821129111111898188888888888888
88888888888888888988811111119119988988888888888888
88888888888888888888811181669111998888888888888888
88888888888888888888811281191121188818888888888888
88888888888888888888892221616111988898888888888888
88888888888888888888882291161111998898888888888888
88888888888888888888881991216119119908888888888888
88888888888888888888881199989889111108888888888888
88888888888888888888888119888881111088888888888888
88888888888888888888988118988981881888888888888888
88888888888888888888988188188898888988888888888888
88888888888888888899918889119898918988888888888888
88888888888888888888129881188818218988888888888888
88888888888888888998898881198898218988888888888888
88888888888888888998828989229898218988888888888888
88888888888888888888988988988898888988888888888888
88888888888888888889299998988111989888888888888888
88888888888888889299299888899218889988888888888888
88888888888888881898888988888988889998888888888888
88888888888888881888888889188989889988888888888888
88888888888888891988898889198988898991888888888888
88888888888888892919989919911999998998811988888888
88888888888888812219989188919911119999998988888888
89888888888889811119981891899888989911999988888888
89999999999999891119918999919899199999999999999999
89999999999999999919992921111198999999999999999999
99999999999999999918999991999999999999999999999999
99999999999999999999999999999999999999999999999999
N88888888888888888001110991888888888888888888888888
88888888888888888011010880888888888888888888888888
88888888888888888011100890888888888888888888888888
88888888888888888811100991888888888888888888888888
88888888888888888801000001888888888888888888888888
88888888888888888810000889888888888888888888888888
88888888888888888810001898988888888888888888888888
88888888888888888100991111998888888888888888888888
88888888888888880110911981889988888888888888888888
88888888888888888110081891899188888888888888888888
88888888888888888810111999998998988888888988888889
88888888888888888921199819888999999888888989998889
88888888888888888321188899888889888888888899888899
88888888888888888312998889999999988888888888888888
88888888888888882312988888119991188888888888888888
88888888888888888919999889111198988888888888888888
88888888888888888811988999118188118888888888888888
88888888888888888819299991918188818888888888888888
88888888888888888819111191119289818888888888888888
88888888888888888891991991119998898888888888888888
88888888888888888891118981111119888888888888888888
88888888888888888881998998111198889888888888888888
88888888888888888881999999111198881888888888888888
88888888888888888889991999911919880888888888888888
88888888888888888881998998921121911888888888888888
88888888888888888881999188889191101888888888888888
88888888888888888889299888889111118888888888888888
88888888888888888888199888882111988888888888888888
88888888888888888888199298891118888888888888888888
88888888888888888881199199999218888888888888888888
88888888888888888811119198999118888888888888888888
88888888888888888888188988988118889888888888888888
88888888888888888888998988988818888988888888888888
88888888888888888899918889999898998988888888888888
88888888888888889888199889888898998988888888888888
88888888888888888998898889998898998988888888888888
88888888888888898998898989911898998988888888888888
88888888888888898888988988188898888988888888888888
88888888888888898889999899988991989888888888888888
88888888888888899999999891999988881888888888888888
88888888888888899898888911988988999918888888888888
88888888888888928888888889188989889988888888888888
88888888888888998988898889198988898991888888888888
88888888888888999919991119911999998998811988888888
88888888888888999198891188911111219999919988888888
89888888888889899988811889199188989911899988888888
89999999999999991998998999999911119999999999999999
89999999999999999898999911121118999999999999999999
99999999999999999918999199198999999999999999999999
99999999999999999999199999999999999999999999999999
N88888888888888810100000188888888888888888888888888
88888888888888810000019988888888888888888888888888
88888888888888891000181988888888888888888888888888
88888888888888801001991898888888888888888888888888
88888888888888011091981999888888888888888888888888
88888888888888011011981999188888888888888888888888
88888888888888801011111999118888888888888888888888
88888888888888890099989988881888888888888888888888
88888888888888892198888888899988888888888888888888
88888888888888991998889898891188888888888888888888
88888888888888918988888999919899999888888989988898
88888888888888999988888811291989889888889989888899
88888888888888119988888922198988888898899888988999
88888888888889219988899108188118888888888888888888
88888888888888919199911918188918888888888888888888
88888888888889919111191919989818888888888888888888
88888888888888911999991211998818888888888888888888
88888888888889912998981911988898888888888888888888
88888888888888919998988111098898888888888888888888
88888888888888991299998111089888888888888888888888
88888888888888999989999111199899888888888888888888
88888888888888199998998911999911888888888888888888
88888888888888998981889911991118888888888888888888
88888888888888998911888811911188888888888888888888
88888888888888198811888811111888888888888888888888
88888888888881118919988911188888888888888888888888
88888888888889198991912918888888888888888888888888
88888888888889989198899919888888888888888888888888
88888888888889191988899909888888888888888888888888
88888888888889911988899119888888888888888888888888
88888888888889111888899118888888888888888888888888
88888888888888919888988118988988889888888888888888
88888888888898999888988188988898888988888888888888
88888888888899919899998889999898998988888888888888
88888888888891919888999889888898998988888888888888
88888888888899829998898889888898998988888888888888
88888888888898999298898989899898998988888888888888
88888888888898199888988988988898888988888888888888
88888888888898298889999999988999989888888888888888
88888888888898919999921888999998999888888888888888
88888888888899999898888199988988999988888888888888
88888888888891899888888889188189889988888888888888
88888888888881889988898889198988898981988888888888
88888888888881882999911119911999998999891988888888
88888888888889991989119988891991119899111988888888
89888888888888991988119888919918898911899988888888
89999999999998911199919989999811118999999999999999
89999999999999891199991199111119899999999999999999
99999999999999999919991111219999999999999999999999
99999999999999999999919999999999999999999999999999
N88888888888888810100000188888888888888888888888888
88888888888888810000019988888888888888888888888888
88888888888888891000181988888888888888888888888888
88888888888888801001991898888888888888888888888888
88888888888888011091981999888888888888888888888888
88888888888888011011981999188888888888888888888888
88888888888888801011111999118888888888888888888888
88888888888888890099989988881888888888888888888888
88888888888888892198888888899988888888888888888888
88888888888888991998889898891188888888888888888888
88888888888888918988888999919899999888888989988898
88888888888888999988888811291989889888889989888899
88888888888888119988888922198988888898899888988999
88888888888889219988899108188118888888888888888888
88888888888888919199911918188918888888888888888888
88888888888889919111191919989818888888888888888888
88888888888888911999991211998818888888888888888888
88888888888889912998981911988898888888888888888888
88888888888888919998988111098898888888888888888888
88888888888888991299998111089888888888888888888888
88888888888888999989999111199899888888888888888888
88888888888888199998998911999911888888888888888888
88888888888888998981889911991118888888888888888888
88888888888888998911888811911188888888888888888888
88888888888888198811888811111888888888888888888888
88888888888881118919988911188888888888888888888888
88888888888889198991912918888888888888888888888888
88888888888889989198899919888888888888888888888888
88888888888889191988899909888888888888888888888888
88888888888889911988899119888888888888888888888888
88888888888889111888899118888888888888888888888888
88888888888888919888988118988988889888888888888888
88888888888898999888988188988898888988888888888888
88888888888899919899998889999898998988888888888888
88888888888891919888999889888898998988888888888888
88888888888899829998898889888898998988888888888888
88888888888898999298898989899898998988888888888888
88888888888898199888988988988898888988888888888888
88888888888898298889999999988999989888888888888888
88888888888898919999921888999998999888888888888888
88888888888899999898888199988988999988888888888888
88888888888891899888888889188189889988888888888888
88888888888881889988898889198988898981988888888888
88888888888881882999911119911999998999891988888888
88888888888889991989119988891991119899111988888888
89888888888888991988119888919918898911899988888888
89999999999998911199919989999811118999999999999999
89999999999999891199991199111119899999999999999999
99999999999999999919991111219999999999999999999999
99999999999999999999919999999999999999999999999999
N88888888888888888011100990888888888888888888888888
88888888888888888191100999888888888888888888888888
88888888888888888099100910888888888888888888888888
88888888888888888911100110888888888888888888888888
88888888888888888800000011888888888888888888888888
88888888888888888800000989888888888888888888888888
88888888888888888810009889188888888888888888888888
88888888888888888000919199991888888888888888888888
88888888888888889110119998889188888888888888888888
88888888888888881010081911999989999888888989988898
88888888888888888900019999988989889888889889888899
88888888888888888990198888888889988888899888988998
88888888888888888992988889888889988888888888888888
88888888888888888992988888991991198888888888888888
88888888888888881918988888811999118888888888888888
88888888888888889999988888829119891888888888888888
88888888888888888111988889911828819888888888888888
88888888888888888919198899291988899888888888888888
88888888888888889912111219191198898988888888888888
88888888888888889892119911911999998188888888888888
88888888888888888892119816111119888988888888888888
88888888888888888881169816911101988898888888888888
88888888888888888811161916611118998818888888888888
88888888888888888881911916111199998808888888888888
88888888888888888891116911611181911108888888888888
88888888888888888881169998999911911188888888888888
88888888888888888881166988888911910888888888888888
88888888888888888889166888888911198888888888888888
88888888888888888881166219889118888888888888888888
88888888888888888811119211119918888888888888888888
88888888888888888891119199919908888888888888888888
88888888888888888888288198988118889888888888888888
88888888888888888888198988998818888988888888888888
88888888888888889899218889929898998988888888888888
88888888888888889888119889288898998988888888888888
88888888888888889998818889998898998988888888888888
88888888888888819928898989991898998988888888888888
88888888888888899888988988998898888988888888888888
88888888888888899989999999988999889888888888888888
88888888888888869299999889199999198888888888888888
88888888888888162898888991088988991988888888888888
88888888888888116888888889188189889998888888888888
88888888888888116188898889198988898981188888888888
88888888888888119921299111111999998999989988888888
88888888888888116111999109991991119899119988888888
89888888888888116116991198819918898919999988888888
89999999999999911162991998291811118999999999999999
89999999999999911191911999111111899999999999999999
99999999999999999991999111111999999999999999999999
99999999999999999991999111999999999999999999999999
N88888888888888888888800000088888888888888888888888
88888888888888888888019000088888888888888888888888
88888888888888888889011111108888888888888888888888
88888888888888888880011000008888888888888888888888
88888888888888888880191009998888888888888888888888
88888888888888888880999009988888888888888888888888
88888888888888888880999009198888888888888888888888
88888888888888888881191001018888888888888888888888
88888888888888888889000000088888999888888988898889
88888888888888888889100008118999899888888989998899
88888888888888888881100019189999888888888889888899
88888888888888888801009198998918888888888888888888
88888888888888888801109198918991888888888888888888
88888888888888888800101999199899198888888888888888
88888888888888888881009999998888898888888888888888
88888888888888888889901988888888891888888888888888
88888888888888888899919888898888812888888888888888
88888888888888888899999888889919921188888888888888
88888888888888888899989888888121998998888888888888
88888888888888888999299888888919998818888888888888
88888888888888888991199888899119898999888888888888
88888888888888888899191999911911828981888888888888
88888888888888888899122111191911188889888888888888
88888888888888888889212199119111198898988888888888
88888888888888888889922188161121011998188888888888
88888888888888888888121228166111888898888888888888
88888888888888888888811619116111989998818888888888
88888888888888888888819119161111181119118888888888
88888888888888888888811129229919191911188888888888
88888888888888888888811219119888111910888888888888
88888888888888888888881119988888911108888888888888
88888888888888888888989198888988889888888888888888
88888888888888888888998188988898888988888888888888
88888888888888888899918889119898918988888888888888
88888888888888888888999882188898118988888888888888
88888888888888888998898881998898118988888888888888
88888888888888888998898989291898998988888888888888
88888888888888888888988988988898888988888888888888
88888888888888888989299998988911899888888888888888
88888888888888881999229898999919199888888888888888
88888888888888881898888998888988999988888888888888
88888888888888892888888889988189889918888888888888
88888888888888811988998889198988898981198888888888
88888888888888821911199991111999998999999188888888
88888888888888812911198811891111119899119988888888
89888888888888816111698919919998998918999988888888
89999999999999912111699199999111118999999999999999
89999999999999991111991999111111899999999999999999
99999999999999999911699111191999999999999999999999
99999999999999999999999111999999999999999999999999
N88888888888888888888888919888888888888888888888888
88888888888888888888890000088888888888888888888888
88888888888888888888800000018888888888888888888888
88888888888888888888101811118888888888888888888888
88888888888888888888001110008888888888888888888888
88888888888888888888010100918888888888888888888888
88888888888888888888099100988888888888888888888888
88888888888888888888099900908888888888888888888889
88888888888888888888099900108889999888888989988898
88888888888888888888010000008989889888889889888899
88888888888888888888000000918888888888888888888888
88888888888888888888110019891888888888888888888888
88888888888888888880101198888998888888888888888888
88888888888888888881109111998881888888888888888888
88888888888888888810100998891989118888888888888888
88888888888888888881000811999888811888888888888888
88888888888888888881909199889888881288888888888888
88888888888888888899998988888888889188888888888888
88888888888888888819911888889889891188888888888888
88888888888888888999991988888921999128888888888888
88888888888888888999991988888811122891888888888888
88888888888888888981911988888911898899888888888888
88888888888888888289119988899291989898188888888888
88888888888888888899198199911191199888188888888888
88888888888888888829922121111211119889898888888888
88888888888888888889911128919111181189818888888888
88888888888888888888911618966611188198888888888888
88888888888888888888812611916911188899881888888888
88888888888888888888811666916111098119891888888888
88888888888888888888821199921611908191108888888888
88888888888888888888891116988988801111198888888888
88888888888888888888989198888988881110888888888888
88888888888888888888998188988898888188888888888888
88888888888888888899998889999898998988888888888888
88888888888888888888919881188898918988888888888888
88888888888888888998898881198898918988888888888888
88888888888888888998898989211898918988888888888888
88888888888888888888988988988898888988888888888888
88888888888888888889999299988999989888888888888888
88888888888888888999229899999911999888888888888888
88888888888888889898888999888989118988888888888888
88888888888888881888888889988189889918888888888888
88888888888888891288898889998188898991119888888888
88888888888888811991129999911999998999999988888888
88888888888888821911169881991111119899118888888888
89888888888888822611199999819998998918999988888888
89999999999999816111199919999199118999999999999999
89999999999999921119199199111111899999999999999999
99999999999999999919199911191999999999999999999999
99999999999999999999199911999999999999999999999999
N88888888888888888888888919888888888888888888888888
88888888888888888888890000088888888888888888888888
88888888888888888888800000018888888888888888888888
88888888888888888888101811118888888888888888888888
88888888888888888888001110008888888888888888888888
88888888888888888888010100918888888888888888888888
88888888888888888888099100988888888888888888888888
88888888888888888888099900908888888888888888888889
88888888888888888888099900108889999888888989988898
88888888888888888888010000008989889888889889888899
88888888888888888888000000918888888888888888888888
88888888888888888888110019891888888888888888888888
88888888888888888880101198888998888888888888888888
88888888888888888881109111998881888888888888888888
88888888888888888810100998891989118888888888888888
88888888888888888881000811999888811888888888888888
88888888888888888881909199889888881288888888888888
88888888888888888899998988888888889188888888888888
88888888888888888819911888889889891188888888888888
88888888888888888999991988888921999128888888888888
88888888888888888999991988888811122891888888888888
88888888888888888981911988888911898899888888888888
88888888888888888289119988899291989898188888888888
88888888888888888899198199911191199888188888888888
88888888888888888829922121111211119889898888888888
88888888888888888889911128919111181189818888888888
88888888888888888888911618966611188198888888888888
88888888888888888888812611916911188899881888888888
88888888888888888888811666916111098119891888888888
88888888888888888888821199921611908191108888888888
88888888888888888888891116988988801111198888888888
88888888888888888888989198888988881110888888888888
88888888888888888888998188988898888188888888888888
88888888888888888899998889999898998988888888888888
88888888888888888888919881188898918988888888888888
88888888888888888998898881198898918988888888888888
88888888888888888998898989211898918988888888888888
88888888888888888888988988988898888988888888888888
88888888888888888889999299988999989888888888888888
88888888888888888999229899999911999888888888888888
88888888888888889898888999888989118988888888888888
88888888888888881888888889988189889918888888888888
88888888888888891288898889998188898991119888888888
88888888888888811991129999911999998999999988888888
88888888888888821911169881991111119899118888888888
89888888888888822611199999819998998918999988888888
89999999999999816111199919999199118999999999999999
89999999999999921119199199111111899999999999999999
99999999999999999919199911191999999999999999999999
99999999999999999999199911999999999999999999999999
N88888888888888880110000088888888888888888888888888
88888888888888881000009188888888888888888888888888
88888888888888889100019018888888888888888888888888
88888888888888890000199181888888888888888888888888
88888888888888801101198919918888888888888888888888
88888888888888901101888911991888888888888888888888
88888888888888900001192919899198888888888888888889
88888888888888291001898898888889999888888989988898
88888888888889991118888898888989889888889889888899
88888888888881991119888888898999888888888888888888
88888888888899911128888888999911888888888888888888
88888888888998911119888888911911288888888888888888
88888888888988911118888889198988898888888888888888
88888888888199111118889999118898918888888888888888
88888888888911911119989919918898998888888888888888
88888888889910819991212199919898889888888888888888
88888888889991819999819911111989881888888888888888
88888888881892899919989889110191888888888888888888
88888888888199119998989981110819898188888888888888
88888888888899919988989899118889898988888888888888
88888888888898118989889991118819988188888888888888
88888888888889118989899991118199991088888888888888
88888888888888919199999911119999111888888888888888
88888888888888118989988888919999108888888888888888
88888888888888819889888888899911988888888888888888
88888888888888119988991888891198888888888888888888
88888888888888999988991199188888888888888888888888
88888888888889819989999911188888888888888888888888
88888888888882818889918819188888888888888888888888
88888888888881918811888812088888888888888888888888
88888888888881898299888821088888888888888888888888
88888888888892899988988828188988889888888888888888
88888888888898899888988988988898888988888888888888
88888888888898899899898889999898998988888888888888
88888888888888891888899881888898998988888888888888
88888888888888191998898881898898998988888888888888
88888888888888991118898989899898998988888888888888
88888888888888889888988988988898888988888888888888
88888888888898819889999999988999889888888888888888
88888888888818819199999819899998999888888888888888
88888888888818899898888919888989198988888888888888
88888888888818891888888889988189889998888888888888
88888888888899999288898889198988898991919888888888
88888888888881999299999219911999998891212988888888
88888888888881989199999111299111119891188888888888
89888888888881999119999019889112999989998888888888
89999999999999999111999199881919119999999999999999
89999999999999199111991199911111199999999999999999
99999999999999911919999111111118999999999999999999
99999999999999999919119911119999999999999999999999
N88888888888888880110000088888888888888888888888888
88888888888888881000009188888888888888888888888888
88888888888888889100019018888888888888888888888888
88888888888888890000199181888888888888888888888888
88888888888888801101198919918888888888888888888888
88888888888888901101888911991888888888888888888888
88888888888888900001192919899198888888888888888889
88888888888888291001898898888889999888888989988898
88888888888889991118888898888989889888889889888899
88888888888881991119888888898999888888888888888888
88888888888899911128888888999911888888888888888888
88888888888998911119888888911911288888888888888888
88888888888988911118888889198988898888888888888888
88888888888199111118889999118898918888888888888888
88888888888911911119989919918898998888888888888888
88888888889910819991212199919898889888888888888888
88888888889991819999819911111989881888888888888888
88888888881892899919989889110191888888888888888888
88888888888199119998989981110819898188888888888888
88888888888899919988989899118889898988888888888888
88888888888898118989889991118819988188888888888888
88888888888889118989899991118199991088888888888888
88888888888888919199999911119999111888888888888888
88888888888888118989988888919999108888888888888888
88888888888888819889888888899911988888888888888888
88888888888888119988991888891198888888888888888888
88888888888888999988991199188888888888888888888888
88888888888889819989999911188888888888888888888888
88888888888882818889918819188888888888888888888888
88888888888881918811888812088888888888888888888888
88888888888881898299888821088888888888888888888888
88888888888892899988988828188988889888888888888888
88888888888898899888988988988898888988888888888888
88888888888898899899898889999898998988888888888888
88888888888888891888899881888898998988888888888888
88888888888888191998898881898898998988888888888888
88888888888888991118898989899898998988888888888888
88888888888888889888988988988898888988888888888888
88888888888898819889999999988999889888888888888888
88888888888818819199999819899998999888888888888888
88888888888818899898888919888989198988888888888888
88888888888818891888888889988189889998888888888888
88888888888899999288898889198988898991919888888888
88888888888881999299999219911999998891212988888888
88888888888881989199999111299111119891188888888888
89888888888881999119999019889112999989998888888888
89999999999999999111999199881919119999999999999999
89999999999999199111991199911111199999999999999999
99999999999999911919999111111118999999999999999999
99999999999999999919119911119999999999999999999999
N88888888888888888019900108888888888888888888888888
88888888888888888001100008888888888888888888888888
88888888888888888810000908888888888888888888888888
88888888888888888800001909888888888888888888888888
88888888888888889000119919918888888888888888888888
88888888888888891110119891891888898888888888888889
88888888888888890110088810999889999888888989988898
88888888888888991000019999988989889888889889888899
88888888888888119900198889888898188888888888888888
88888888888889198918988888888888998888888888888888
88888888888881998921988888888989118888888888888888
88888888888899899991988888899199918888888888888888
88888888888988899991988888899119181888888888888888
88888888888998819111988888991989889888888888888888
88888888888819912111988889911188982188888888888888
88888888889991611199199991111188989988888888888888
88888888881921111111111112191199988818888888888888
88888888889991111111218812991109998988888888888888
88888888888981111112118816611189118881888888888888
88888888888889111111229816110088818989888888888888
88888888888898111111619911610188899989888888888888
88888888888889211129969116110988199991888888888888
88888888888888918226618911111981999111888888888888
88888888888888811111919198992919991108888888888888
88888888888888899262619888888999911288888888888888
88888888888888889166668888888911118888888888888888
88888888888888881116692118889118888888888888888888
88888888888888891111691111111888888888888888888888
88888888888888812111891219111888888888888888888888
88888888888888919191811299221888888888888888888888
88888888888888919199119899110888888888888888888888
88888888888888919988288898188988889888888888888888
88888888888888929888298988198898888988888888888888
88888888888888999891198889119898998988888888888888
88888888888888999888199881288898998988888888888888
88888888888888999198898881998898998988888888888888
88888888888889992128898989919898998988888888888888
88888888888881991888988188988898888988888888888888
88888888888880991989999199988999889888888888888888
88888888888881991111999899199988999888888888888888
88888888888881991898888999188981998988888888888888
88888888888881691888888889988189889998888888888888
88888888888880112188898889198988898991919888888888
88888888888880112111222911111999998891111888888888
88888888888881116111166910129111119891888888888888
89888888888881126111166911989119999989988888888888
89999999999988126111169919989119119999999999999999
89999999999999121111169109991111199999999999999999
99999999999999911191929119111109999999999999999999
99999999999999921991919911111999999999999999999999
N88888888888888888801110001888888888888888888888888
88888888888888888801991001888888888888888888888888
88888888888888888809999001888888888888888888888888
88888888888888888801891001888888888888888888888888
88888888888888888890110000888888888888888888888888
88888888888888888881000091888888999888888988898899
88888888888888888881000190988989899888888989898899
88888888888888888900001991999899888888889889888899
88888888888888889911011989988918888888888888888888
88888888888888889101009982919899188888888888888888
88888888888888899900001129998888998888888888888888
88888888888888811990019998888888891888888888888888
88888888888888819989918888888888899888888888888888
88888888888888999899918888888889991988888888888888
88888888888889989999898888888192911988888888888888
88888888888889889991828888888991118818888888888888
88888888888819982991918888889919818811888888888888
88888888888889121191819888991911888811888888888888
88888888888889918211919999912111989888988888888888
88888888888819918339991111199211198889988888888888
88888888888899233339999998999210819188818888888888
88888888888880333331991988899111881088888888888888
88888888888821333111998888991108888989889888888888
88888888888891111829998999992109889999898888888888
88888888888888889919891199991101881991118888888888
88888888888888888191998889999111811911088888888888
88888888888888888891999989128899199110888888888888
88888888888888888891991199888888929188888888888888
88888888888888888889999998888888918888888888888888
88888888888888888881999888289991888888888888888888
88888888888888888891129999999111888888888888888888
88888888888888888888288998988911889888888888888888
88888888888888888888298988988818888988888888888888
88888888888888888899118889999818998988888888888888
88888888888888881888919889288818998988888888888888
88888888888888881998818889298818998988888888888888
88888888888888888998818989299898998988888888888888
88888888888888888888988988988898888988888888888888
88888888888888818889299999988999889888888888888888
88888888888888828999229889999989999888888888888888
88888888888888898898888999988989998988888888888888
88888888888888898888888889988289889988888888888888
88888888888888899288898889998988898991919888888888
88888888888888999911199999111999998891119888888888
88888888888888199811199899119111119911888888888888
89888888888888199811198891199111999999988888888888
89999999999988919911118891989119118999999999999999
89999999999999919911118811991111199999999999999999
99999999999999919111119929911119999999999999999999
99999999999999991199219991111999999999999999999999
N88888888888888888888888888888888888888888888888888
88888888888888888888881000988888888888888888888888
88888888888888888888810000098888888888888888888888
88888888888888888888801880108888888888888888888888
88888888888888888888101101108888888888888888888889
88888888888888888888001100008889999888888989888898
88888888888888888888019900088989888888889889888899
88888888888888888888019990198988888888888888888888
88888888888888888888019990118888888888888888888888
88888888888888888888008900008888888888888888888888
88888888888888888888900000098888888888888888888888
88888888888888888888810000918888888888888888888888
88888888888888888889110019918188888888888888888888
88888888888888888899010118999881888888888888888888
88888888888888888990110119891899919888888888888888
88888888888888888990010188818988889188888888888888
88888888888888888989000912999988889998888888888888
88888888888888882198810198988888888918888888888888
88888888888888891298899288888888889918888888888888
88888888888888899898999988888899999919888888888888
88888888888888998899998988888888111198188888888888
88888888888888999998118198888889088188118888888888
88888888888882811193319198888911118898998888888888
88888888888889892133318198889111119898881888888888
88888888888888299333398919991919118988898888888888
88888888888888998833329999119992108999888988888888
88888888888888818333811199889891188881989898888888
88888888888888881333299991889991088888989818888888
88888888888888888898199999989991098881919908888888
88888888888888888889919189999911198811911188888888
88888888888888888888118811892991998919190888888888
88888888888888888888188998988998889991118888888888
88888888888888888888198188988898888911888888888888
88888888888888888899998889999898998988888888888888
88888888888888888888912889988818218988888888888888
88888888888888888998829889298818118988888888888888
88888888888888888898898989119898918988888888888888
88888888888888888888988988988898888988888888888888
88888888888888888889999199988999989888888888888888
88888888888888888999929899999991099888888888888888
88888888888888888898888999888981998988888888888888
88888888888888882888888889988989889988888888888888
88888888888888889288898889998188898911919888888888
88888888888888882921119999999199928811118888888888
88888888888888899999119988891111119919888888888888
89888888888888818991119988919199912899998988888888
89999999999988811991119888191111119999999999999999
89999999999999899921111889911111199999999999999999
99999999999999989910191991111119999999999999999999
99999999999999991111181999111899999999999999999999
N88888888888888888888888888888888888888888888888888
88888888888888888888881000988888888888888888888888
88888888888888888888810000098888888888888888888888
88888888888888888888801880108888888888888888888888
88888888888888888888101101108888888888888888888889
88888888888888888888001100008889999888888989888898
88888888888888888888019900088989888888889889888899
88888888888888888888019990198988888888888888888888
88888888888888888888019990118888888888888888888888
88888888888888888888008900008888888888888888888888
88888888888888888888900000098888888888888888888888
88888888888888888888810000918888888888888888888888
88888888888888888889110019918188888888888888888888
88888888888888888899010118999881888888888888888888
88888888888888888990110119891899919888888888888888
88888888888888888990010188818988889188888888888888
88888888888888888989000912999988889998888888888888
88888888888888882198810198988888888918888888888888
88888888888888891298899288888888889918888888888888
88888888888888899898999988888899999919888888888888
88888888888888998899998988888888111198188888888888
88888888888888999998118198888889088188118888888888
88888888888882811193319198888911118898998888888888
88888888888889892133318198889111119898881888888888
88888888888888299333398919991919118988898888888888
88888888888888998833329999119992108999888988888888
88888888888888818333811199889891188881989898888888
88888888888888881333299991889991088888989818888888
88888888888888888898199999989991098881919908888888
88888888888888888889919189999911198811911188888888
88888888888888888888118811892991998919190888888888
88888888888888888888188998988998889991118888888888
88888888888888888888198188988898888911888888888888
88888888888888888899998889999898998988888888888888
88888888888888888888912889988818218988888888888888
88888888888888888998829889298818118988888888888888
88888888888888888898898989119898918988888888888888
88888888888888888888988988988898888988888888888888
88888888888888888889999199988999989888888888888888
88888888888888888999929899999991099888888888888888
88888888888888888898888999888981998988888888888888
88888888888888882888888889988989889988888888888888
88888888888888889288898889998188898911919888888888
88888888888888882921119999999199928811118888888888
88888888888888899999119988891111119919888888888888
89888888888888818991119988919199912899998988888888
89999999999988811991119888191111119999999999999999
89999999999999899921111889911111199999999999999999
99999999999999989910191991111119999999999999999999
99999999999999991111181999111899999999999999999999
N88888888888888888001910008888888888888888888888888
88888888888888888800000018888888888888888888888888
88888888888888888801000999888888888888888888888888
88888888888888888800009999188888898888888888888889
88888888888888819000019119891989899888888989888898
88888888888888998011029999981989888888889889888899
88888888888889989011011921888999188888888888888888
88888888888889999000019999888888118888888888888888
88888888888881998800099888888888918888888888888888
88888888888811988899198888888888911888888888888888
88888888888898988998198888889899911888888888888888
88888888889988198999998888888111911188888888888888
88888888889888188888198888988188118888888888888888
88888888898888198998198888992118818818888888888888
88888888989991819918198888919918888818888888888888
88888888881118881198829999111119888889888888888888
88888889189188881199291111111191988989188888888888
88888888199118889199292881162118899189888888888888
88888888989918889299912881611018881189898888888888
88888888818891881192199981611088888989888888888888
88888888881889881192996991111088881899818888888888
88888888888198919199921891111288819899118888888888
88888888888829199196661891111188998991088888888888
88888888888888191111991881899991999911888888888888
88888888888888899126692988888889991188888888888888
88888888888888899266691888888889118888888888888888
88888888888888881926669911889919888888888888888888
88888888888888881112668121111088888888888888888888
88888888888888812111198121219188888888888888888888
88888888888888882181189299991188888888888888888888
88888888888888882118881299990888888888888888888888
88888888888888996989988988988988889888888888888888
88888888888888999888198288988898888988888888888888
88888888888888999899118889119898998988888888888888
88888888888888991888119881188898998988888888888888
88888888888888999998828881998898998988888888888888
88888888888888999918818989921898998988888888888888
88888888888888999888988988988898888988888888888888
88888888888888999989199919989999889888888888888888
88888888888888999911129821999988999888888888888888
88888888888888999898988992988989998988888888888888
88888888888888996888888889988989889999888888888888
88888888888888666988898889998988898911118888888888
88888888888888111211199929199999918911988888888888
88888888888888111211122129111211119218888888888888
89888888888888111611111669119911111999889888888888
89999999999999111611111161099911119999999999999999
89999999999999111610111161199111199999999999999999
99999999999999911110111161191111999999999999999999
99999999999999991119119121111199999999999999999999
N88888888888888888001910008888888888888888888888888
88888888888888888800000018888888888888888888888888
88888888888888888801000999888888888888888888888888
88888888888888888800009999188888898888888888888889
88888888888888819000019119891989899888888989888898
88888888888888998011029999981989888888889889888899
88888888888889989011011921888999188888888888888888
88888888888889999000019999888888118888888888888888
88888888888881998800099888888888918888888888888888
88888888888811988899198888888888911888888888888888
88888888888898988998198888889899911888888888888888
88888888889988198999998888888111911188888888888888
88888888889888188888198888988188118888888888888888
88888888898888198998198888992118818818888888888888
88888888989991819918198888919918888818888888888888
88888888881118881198829999111119888889888888888888
88888889189188881199291111111191988989188888888888
88888888199118889199292881162118899189888888888888
88888888989918889299912881611018881189898888888888
88888888818891881192199981611088888989888888888888
88888888881889881192996991111088881899818888888888
88888888888198919199921891111288819899118888888888
88888888888829199196661891111188998991088888888888
88888888888888191111991881899991999911888888888888
88888888888888899126692988888889991188888888888888
88888888888888899266691888888889118888888888888888
88888888888888881926669911889919888888888888888888
88888888888888881112668121111088888888888888888888
88888888888888812111198121219188888888888888888888
88888888888888882181189299991188888888888888888888
88888888888888882118881299990888888888888888888888
88888888888888996989988988988988889888888888888888
88888888888888999888198288988898888988888888888888
88888888888888999899118889119898998988888888888888
88888888888888991888119881188898998988888888888888
88888888888888999998828881998898998988888888888888
88888888888888999918818989921898998988888888888888
88888888888888999888988988988898888988888888888888
88888888888888999989199919989999889888888888888888
88888888888888999911129821999988999888888888888888
88888888888888999898988992988989998988888888888888
88888888888888996888888889988989889999888888888888
88888888888888666988898889998988898911118888888888
88888888888888111211199929199999918911988888888888
88888888888888111211122129111211119218888888888888
89888888888888111611111669119911111999889888888888
89999999999999111611111161099911119999999999999999
89999999999999111610111161199111199999999999999999
99999999999999911110111161191111999999999999999999
99999999999999991119119121111199999999999999999999
N88888888888888888901110008888888888888888888888888
88888888888888888800000018888888888888888888888888
88888888888888888811000999888888898888888988888888
88888888888888888911001899918989898888888989898898
88888888888888999100029191889989888888889889888899
88888888888889988011009881119991888888888888888888
88888888888899989001001199988899998888888888888888
88888888888899899100009998888888818888888888888888
88888888888819988890009888888888891888888888888888
88888888888111988899999888888888992888888888888888
88888888889199888898188888888991991188888888888888
88888888899889998999198888888891291898888888888888
88888888898889988898198888888918898898888888888888
88888888188881998899198888992119889889888888888888
88888889898998819919998888911911889889888888888888
88888888811188811118919999191910988888988888888888
88888891891888811999189111911111898998998888888888
88888881991188899189988988981118891988988888888888
88888889899998889288891189919118888198181888888888
88888888188898881189988989999088888189981888888888
88888888819891881199188989991088881999919888888888
88888888881989119188888989911188899999108888888888
88888888888998199188888988991118999991088888888888
88888888888889191119989999189999999911888888888888
88888888888888919988988299988888991188888888888888
88888888888888899988888988888888118888888888888888
88888888888888881999889899989918888888888888888888
88888888888888892199998899999188888888888888888888
88888888888888899299998999991188888888888888888888
88888888888888889199988891881088888888888888888888
88888888888888989198881988881988888888888888888888
88888888888888988888988988988988889888888888888888
88888888888888988888198988998898888988888888888888
88888888888888889891118889119898998988888888888888
88888888888888889888119889188998998988888888888888
88888888888888888998818889198898998988888888888888
88888888888888888898818989199898998988888888888888
88888888888888888888988988988898888988888888888888
88888888888888888889199899989999889888888888888888
88888888888888988911129899999988999888888888888888
88888888888888988818888999988989999988888888888888
88888888888888988888888889988989889999888888888888
88888888888888288288898889998988898111198888888888
88888888888888189911119999119999918911888888888888
88888888888888199911019999911111111188888888888888
89888888888888191991019999909991111998898888888888
89999999999998111991012199119911119999999999999999
89999999999999122991111999199911189999999999999999
99999999999999991921911999111110999999999999999999
99999999999999991911911919111119999999999999999999
N88888888888888888800112101888888888888888888888888
88888888888888888800111100888888888888888888888888
88888888888888888800011000888888999888888988898899
88888888888888888880000000888989898888888889888899
88888888888888888880100091888899988888889899889899
88888888888888888891100191891888888888888888888888
88888888888888899980009111888918888888888888888888
88888888888888998801101999221999188888888888888888
88888888888889998101100199288889999888888888888888
88888888888889989900000199918888889888888888888888
88888888888881998880000988888888889188888888888888
88888888888811298888989888888888899988888888888888
88888888888819998889899888888899199198888888888888
88888888888988918889819888888882119181888888888888
88888888889888918889999988889890888889888888888888
88888888818888189889999888889211988988188888888888
88888888982999981999181888881191188888198888888888
88888888289019889121890999921191019898899888888888
88888888989918888112181111111111881981998888888888
88888888199918888119999918816110888111898188888888
88888888818891888181981118811118888889898888888888
88888888881899188111696629916108888819998188888888
88888888888198918191996919911101888919991188888888
88888888888899881992981119911101888998110888888888
88888888888888999111696619991111899999118888888888
88888888888888819111919919929888899911888888888888
88888888888888889181691192999888899198888888888888
88888888888888888921966669888889918888888888888888
88888888888888888819166669198921888888888888888888
88888888888888888911111619121111888888888888888888
88888888888888888111211182219919888888888888888888
88888888888888888988189198988218889888888888888888
88888888888888881888198988988818888988888888888888
88888888888888881899228889999818998988888888888888
88888888888888889888119889988818998988888888888888
88888888888888889998819889998818998988888888888888
88888888888888889998818989229898998988888888888888
88888888888888819888988988288898888988888888888888
88888888888888819889199999989199889888888888888888
88888888888888819911111899299188999888888888888888
88888888888888829818888999288989999988888888888888
88888888888888819888888889288989889911888888888888
88888888888888816288898889298988898111188888888888
88888888888888812222111129191999918918888888888888
88888888888888811121101229210111111188888888888888
89888888888888811161101116911991111998898888888888
89999999999988811161091116919911119999999999999999
89999999999999911161011616909111189999999999999999
99999999999999911211011916211110999999999999999999
99999999999999919111911912111119999999999999999999
N88888888888888888888880000888888888888888888888888
88888888888888888888800000088888899888888888888889
88888888888888888888910980088989998888888989898898
88888888888888888888001101108989888888889889888899
88888888888888888888011100018898888888888888888888
88888888888888888888011110098888888888888888888888
88888888888888888889101110098888888888888888888888
88888888888888888889001111098888888888888888888888
88888888888888888888000210088888888888888888888888
88888888888888888888000100088888888888888888888888
88888888888888888888800000188888888888888888888888
88888888888888888888900001191988888888888888888888
88888888888888889999100119998891888888888888888888
88888888888888899988011011991899919888888888888888
88888888888888889888011088821888899188888888888888
88888888888888999899000091991988888898888888888888
88888888888888198988100099888988888918888888888888
88888888888889119888889998888888888911888888888888
88888888888899199888892198888889999911188888888888
88888888888889881888899188888888911218888888888888
88888888888898881988999198888889118818818888888888
88888888882988899988899198888891109889892888888888
88888888889819218898991198888911119888882988888888
88888888898891888819918819899112118198898898888888
88888888881891188811288881111111198819199998888888
88888888881999188819988189999191088888998181888888
88888888888189998889111199189911288888198181888888
88888888888819881881199888889111188881999118888888
88888888888888189911199888999191118899181188888888
88888888888888819811919898999111018919911888888888
88888888888888889991998888899919998991108888888888
88888888888888888888988998988998889991888888888888
88888888888888888888198988998898888988888888888888
88888888888888888899128889999898918988888888888888
88888888888888888888119889988918118988888888888888
88888888888888888998819889998818198988888888888888
88888888888888888998818989119818998988888888888888
88888888888888888888988188188898888988888888888888
88888888888888888889999119989191989888888888888888
88888888888888888199991819899991999888888888888888
88888888888888888898888119888981998988888888888888
88888888888888888888888889988981889911888888888888
88888888888888889988998889998988898111888888888888
88888888888888882999111199999919118198888888888888
88888888888888889991911199999111119988888888888888
89888888888888889999910199899111119998888888888888
89999999999988899819910191892911119999999999999999
89999999999999899819209299991111099999999999999999
99999999999999991992101189991111999999999999999999
99999999999999991991191289911119999999999999999999
N88888888888888888888880000888888888888888888888888
88888888888888888888800000088888899888888888888889
88888888888888888888910980088989998888888989898898
88888888888888888888001101108989888888889889888899
88888888888888888888011100018898888888888888888888
88888888888888888888011110098888888888888888888888
88888888888888888889101110098888888888888888888888
88888888888888888889001111098888888888888888888888
88888888888888888888000210088888888888888888888888
88888888888888888888000100088888888888888888888888
88888888888888888888800000188888888888888888888888
88888888888888888888900001191988888888888888888888
88888888888888889999100119998891888888888888888888
88888888888888899988011011991899919888888888888888
88888888888888889888011088821888899188888888888888
88888888888888999899000091991988888898888888888888
88888888888888198988100099888988888918888888888888
88888888888889119888889998888888888911888888888888
88888888888899199888892198888889999911188888888888
88888888888889881888899188888888911218888888888888
88888888888898881988999198888889118818818888888888
88888888882988899988899198888891109889892888888888
88888888889819218898991198888911119888882988888888
88888888898891888819918819899112118198898898888888
88888888881891188811288881111111198819199998888888
88888888881999188819988189999191088888998181888888
88888888888189998889111199189911288888198181888888
88888888888819881881199888889111188881999118888888
88888888888888189911199888999191118899181188888888
88888888888888819811919898999111018919911888888888
88888888888888889991998888899919998991108888888888
88888888888888888888988998988998889991888888888888
88888888888888888888198988998898888988888888888888
88888888888888888899128889999898918988888888888888
88888888888888888888119889988918118988888888888888
88888888888888888998819889998818198988888888888888
88888888888888888998818989119818998988888888888888
88888888888888888888988188188898888988888888888888
88888888888888888889999119989191989888888888888888
88888888888888888199991819899991999888888888888888
88888888888888888898888119888981998988888888888888
88888888888888888888888889988981889911888888888888
88888888888888889988998889998988898111888888888888
88888888888888882999111199999919118198888888888888
88888888888888889991911199999111119988888888888888
89888888888888889999910199899111119998888888888888
89999999999988899819910191892911119999999999999999
89999999999999899819209299991111099999999999999999
99999999999999991992101189991111999999999999999999
99999999999999991991191289911119999999999999999999
N88888888888888888801011100888898999888888888888889
88888888888888888880001000888989998888888989898898
88888888888888888880000001888989888888889889888899
88888888888888888888000011988898888888888888888888
88888888888888888899000191811888888888888888888888
88888888888888999980111101988918888888888888888888
88888888888889988810110988121999198888888888888888
88888888888899988110010119298888881888888888888888
88888888888898888890000999988888899888888888888888
88888888888899898889110998888888889188888888888888
88888888888112988889111988888988899188888888888888
88888888888111988889121988888889929198888888888888
88888888889989198889191988888889111188888888888888
88888888989889098889191988889991988988188888888888
88888888888881818889989988889111088888998888888888
88888881998899819999181988899111198888818888888888
88888898819918891291998199911191089888899888888888
88888888811988881119291911111111889982892188888888
88888889891888881919919961811110888811881888888888
88888821999188881921191111811618888882981818888888
88888881898918888111261662911108888899891988888888
88888888198999888119911961911108888819819088888888
88888888819889980191111111911101888998110888888888
88888888888198891121621619911101891889108888888888
88888888888818999881926921811899899990888888888888
88888888888888198992111119988899889018888888888888
88888888888888818121661961988899818888888888888888
88888888888888888211666969111811888888888888888888
88888888888888888199266619121118888888888888888888
88888888888888889269116619119918888888888888888888
88888888888888881922912281969918888888888888888888
88888888888888881888989999188918889888888888888888
88888888888888881888198988998818888988888888888888
88888888888888889899218889999818998988888888888888
88888888888888899888219889988818998988888888888888
88888888888888899998819889988818998988888888888888
88888888888888819998818989921818998988888888888888
88888888888888819888988188988898888988888888888888
88888888888888819889199119989119889888888888888888
88888888888888819999111899999998999888888888888888
88888888888888819898888199988989998988888888888888
88888888888888819888888889288289889919888888888888
88888888888888819988998889298188898108888888888888
88888888888888812921111199299199118188888888888888
88888888888888811111119126212111119888888888888888
89888888888888811111119122112291119988888888888888
89999999999988811112109111111991009999999999999999
89999999999999911116109111111911099999999999999999
99999999999999991111119111111110999999999999999999
99999999999999991111199119111111999999999999999999
N88888888888888888801011100888898999888888888888889
88888888888888888880001000888989998888888989898898
88888888888888888880000001888989888888889889888899
88888888888888888888000011988898888888888888888888
88888888888888888899000191811888888888888888888888
88888888888888999980111101988918888888888888888888
88888888888889988810110988121999198888888888888888
88888888888899988110010119298888881888888888888888
88888888888898888890000999988888899888888888888888
88888888888899898889110998888888889188888888888888
88888888888112988889111988888988899188888888888888
88888888888111988889121988888889929198888888888888
88888888889989198889191988888889111188888888888888
88888888989889098889191988889991988988188888888888
88888888888881818889989988889111088888998888888888
88888881998899819999181988899111198888818888888888
88888898819918891291998199911191089888899888888888
88888888811988881119291911111111889982892188888888
88888889891888881919919961811110888811881888888888
88888821999188881921191111811618888882981818888888
88888881898918888111261662911108888899891988888888
88888888198999888119911961911108888819819088888888
88888888819889980191111111911101888998110888888888
88888888888198891121621619911101891889108888888888
88888888888818999881926921811899899990888888888888
88888888888888198992111119988899889018888888888888
88888888888888818121661961988899818888888888888888
88888888888888888211666969111811888888888888888888
88888888888888888199266619121118888888888888888888
88888888888888889269116619119918888888888888888888
88888888888888881922912281969918888888888888888888
88888888888888881888989999188918889888888888888888
88888888888888881888198988998818888988888888888888
88888888888888889899218889999818998988888888888888
88888888888888899888219889988818998988888888888888
88888888888888899998819889988818998988888888888888
88888888888888819998818989921818998988888888888888
88888888888888819888988188988898888988888888888888
88888888888888819889199119989119889888888888888888
88888888888888819999111899999998999888888888888888
88888888888888819898888199988989998988888888888888
88888888888888819888888889288289889919888888888888
88888888888888819988998889298188898108888888888888
88888888888888812921111199299199118188888888888888
88888888888888811111119126212111119888888888888888
89888888888888811111119122112291119988888888888888
89999999999988811112109111111991009999999999999999
89999999999999911116109111111911099999999999999999
99999999999999991111119111111110999999999999999999
99999999999999991111199119111111999999999999999999
N88888888888888888881100011888989898888888889898898
88888888888888888899100110188989888888889889888899
88888888888888889980009991999988888888888888888888
88888888888889999910110981191191888888888888888888
88888888888889888110110112188899918888888888888888
88888888888888888990000199988888891888888888888888
88888888888988888880000988888888881888888888888888
88888888881999988888999888888988889188888888888888
88888888891119888889289988888889999188888888888888
88888888891899888888989988888888119189888888888888
88888888898891988899181988889991888988888888888888
88888888988810988889191988888111988888188888888888
88888888888818198991191988899111188888888888888888
88888998888188119911111199991110098888818888888888
88888881991988111111611011112111889888899888888888
88888881118888811111111111991911888991881188888888
88888989188888812211111111899118888810981888888888
88889999918888811211111119899108888889899898888888
88888188811888881916611161899198888819999188888888
88888899881888881911111991899018888189891188888888
88888881988998818891199988811118889989911888888888
88888888198899981919999999989119828899198888888888
88888888891989999919999998898899888911888888888888
88888888888999998818888898819899899198888888888888
88888888888881990118888898991899918888888888888888
88888888888888881188888898989111888888888888888888
88888888888888881981999989819198888888888888888888
88888888888888891918999889919198888888888888888888
88888888888888819998999891919198888888888888888888
88888888888888899919888819989988888888888888888888
88888888888888898919989999889988888888888888888888
88888888888888998888988198988988889888888888888888
88888888888888988888198988998898888988888888888888
88888888888888988899118889899818998988888888888888
88888888888888988888212889888818998988888888888888
88888888888888988998819889888818998988888888888888
88888888888888988998818989891818998988888888888888
88888888888888988888988188988898888988888888888888
88888888888888998889199119989119889888888888888888
88888888888888898992111899899918999888888888888888
88888888888888818898888198888989989988888888888888
88888888888888898888888889988289889918888888888888
88888888888888898988998889998188898188888888888888
88888888888888898891119199199911118888888888888888
88888888888888819991119119999192119888888888888888
89888888888888819992119119992199109998888888888888
89999999999988811219119129111191119999999999999999
89999999999999991119109191111011089999999999999999
99999999999999991919109991911011199999999999999999
99999999999999991919109991911110999999999999999999
N88888888888888888881100011888989898888888889898898
88888888888888888899100110188989888888889889888899
88888888888888889980009991999988888888888888888888
88888888888889999910110981191191888888888888888888
88888888888889888110110112188899918888888888888888
88888888888888888990000199988888891888888888888888
88888888888988888880000988888888881888888888888888
88888888881999988888999888888988889188888888888888
88888888891119888889289988888889999188888888888888
88888888891899888888989988888888119189888888888888
88888888898891988899181988889991888988888888888888
88888888988810988889191988888111988888188888888888
88888888888818198991191988899111188888888888888888
88888998888188119911111199991110098888818888888888
88888881991988111111611011112111889888899888888888
88888881118888811111111111991911888991881188888888
88888989188888812211111111899118888810981888888888
88889999918888811211111119899108888889899898888888
88888188811888881916611161899198888819999188888888
88888899881888881911111991899018888189891188888888
88888881988998818891199988811118889989911888888888
88888888198899981919999999989119828899198888888888
88888888891989999919999998898899888911888888888888
88888888888999998818888898819899899198888888888888
88888888888881990118888898991899918888888888888888
88888888888888881188888898989111888888888888888888
88888888888888881981999989819198888888888888888888
88888888888888891918999889919198888888888888888888
88888888888888819998999891919198888888888888888888
88888888888888899919888819989988888888888888888888
88888888888888898919989999889988888888888888888888
88888888888888998888988198988988889888888888888888
88888888888888988888198988998898888988888888888888
88888888888888988899118889899818998988888888888888
88888888888888988888212889888818998988888888888888
88888888888888988998819889888818998988888888888888
88888888888888988998818989891818998988888888888888
88888888888888988888988188988898888988888888888888
88888888888888998889199119989119889888888888888888
88888888888888898992111899899918999888888888888888
88888888888888818898888198888989989988888888888888
88888888888888898888888889988289889918888888888888
88888888888888898988998889998188898188888888888888
88888888888888898891119199199911118888888888888888
88888888888888819991119119999192119888888888888888
89888888888888819992119119992199109998888888888888
89999999999988811219119129111191119999999999999999
89999999999999991119109191111011089999999999999999
99999999999999991919109991911011199999999999999999
99999999999999991919109991911110999999999999999999
N88888888888888888880011100088989888888889889888899
88888888888888888880111010188898888888888888888888
88888888888888888880101110188888888888888888888888
88888888888888888880110110088888888888888888888888
88888888888888888880110110288888888888888888888888
88888888888888888888000000988888888888888888888888
88888888888888888888001000888888888888888888888888
88888888888888888888901001988888888888888888888888
88888888888888888998100011199188888888888888888888
88888888888888299889011019198899188888888888888888
88888888888889888819011008291889991888888888888888
88888888888888888812000009999888988988888888888888
88888888888888888889000009998888889988888888888888
88888888888198888888800019888888899918888888888888
88888888889129998888889988888889899119888888888888
88888888898111898888881188888888111118188888888888
88888888888989198888882198888889098918888888888888
88888888189889019888919119888991018889818888888888
88888889888881819888911198888811198888881888888888
88888899988991811989911129889911081988899288888888
88888899819118881199298809991111188199189198888888
88888918819888881111833899111161888881088188888888
88888999891888881199833389299111888888188198888888
88888829999188888198833338189112888881999918888888
88888881998118888111833301181112888811981188888888
88888888118981888119833392191109888989810888888888
88888888891999991119338816191110189289118888888888
88888888888199899192299989999919988810888888888888
88888888888889899988126666199189998198888888888888
88888888888888819812129696191189918888888888888888
88888888888888881819191919198181188888888888888888
88888888888888888888988128988911889888888888888888
88888888888888888888298288988898888988888888888888
88888888888888888899128882119818998988888888888888
88888888888888888888119881188818998988888888888888
88888888888888888198818881188818998988888888888888
88888888888888888118818989999818998988888888888888
88888888888888889888988188988818888988888888888888
88888888888888889989999119989111889988888888888888
88888888888888889199991811999911989888888888888888
88888888888888889898888111988981981988888888888888
88888888888888889888888889988189881988888888888888
88888888888888889988998889998188818988888888888888
88888888888888889299211111999911118888888888888888
88888888888888889229211011226211119888888888888888
89888888888888881229111011116211198988888888888888
89999999999988881619111911116111089999999999999999
89999999999999991211110911616191099999999999999999
99999999999999991119110911611111999999999999999999
99999999999999999119110911912110999999999999999999
N88888888888888888880011100088989888888889889888899
88888888888888888880111010188898888888888888888888
88888888888888888880101110188888888888888888888888
88888888888888888880110110088888888888888888888888
88888888888888888880110110288888888888888888888888
88888888888888888888000000988888888888888888888888
88888888888888888888001000888888888888888888888888
88888888888888888888901001988888888888888888888888
88888888888888888998100011199188888888888888888888
88888888888888299889011019198899188888888888888888
88888888888889888819011008291889991888888888888888
88888888888888888812000009999888988988888888888888
88888888888888888889000009998888889988888888888888
88888888888198888888800019888888899918888888888888
88888888889129998888889988888889899119888888888888
88888888898111898888881188888888111118188888888888
88888888888989198888882198888889098918888888888888
88888888189889019888919119888991018889818888888888
88888889888881819888911198888811198888881888888888
88888899988991811989911129889911081988899288888888
88888899819118881199298809991111188199189198888888
88888918819888881111833899111161888881088188888888
88888999891888881199833389299111888888188198888888
88888829999188888198833338189112888881999918888888
88888881998118888111833301181112888811981188888888
88888888118981888119833392191109888989810888888888
88888888891999991119338816191110189289118888888888
88888888888199899192299989999919988810888888888888
88888888888889899988126666199189998198888888888888
88888888888888819812129696191189918888888888888888
88888888888888881819191919198181188888888888888888
88888888888888888888988128988911889888888888888888
88888888888888888888298288988898888988888888888888
88888888888888888899128882119818998988888888888888
88888888888888888888119881188818998988888888888888
88888888888888888198818881188818998988888888888888
88888888888888888118818989999818998988888888888888
88888888888888889888988188988818888988888888888888
88888888888888889989999119989111889988888888888888
88888888888888889199991811999911989888888888888888
88888888888888889898888111988981981988888888888888
88888888888888889888888889988189881988888888888888
88888888888888889988998889998188818988888888888888
88888888888888889299211111999911118888888888888888
88888888888888889229211011226211119888888888888888
89888888888888881229111011116211198988888888888888
89999999999988881619111911116111089999999999999999
89999999999999991211110911616191099999999999999999
99999999999999991119110911611111999999999999999999
99999999999999999119110911912110999999999999999999
N88888888888888888880101010188898888888888888888888
88888888888888888880111110188888888888888888888888
88888888888888888881110110288888888888888888888888
88888888888888888880010010988888888888888888888888
88888888888888888888000000888888888888888888888888
88888888888888888888001001888888888888888888888888
88888888888888888819101011991888888888888888888888
88888888888888899889100019188919888888888888888888
88888888888889989899101009118999918888888888888888
88888888888888888891111108998889991888888888888888
88888888888988888299100001998888888188888888888888
88888888888988889889809008998888889188888888888888
88888888881998898888899998888888899918888888888888
88888888881212988888998398888889911118888888888888
88888888981192988888998329888899212118188888888888
88888888889889198888928319888812098898898888888888
88888881898881028888918819888891018888898888888888
88888898888898919888912919888911089888881888888888
88888898889918811999919819999111188998889888888888
88888988199188811111118881111111888811188118888888
88889988198888889199989888999110888888188198888888
88889998918888881989989989988919888881981118888888
88888992991888881988998888189118888899991188888888
88888819991288888199988888999109888899991888888888
88888881989898881199988888199102888998118888888888
88888888119999991199111811199111199891188888888888
88888888881998898199198988199199988918888888888888
88888888888818898988188988188999998888888888888888
88888888888888199889919191189999198888888888888888
88888888888888881819188989191081888888888888888888
88888888888888888111988988181111888888888888888888
88888888888888888988988998188919888888888888888888
88888888888888888888298288998898888988888888888888
88888888888888888899228881129818998988888888888888
88888888888888889888919882188818998988888888888888
88888888888888889998828881988818998988888888888888
88888888888888881198818989989818998988888888888888
88888888888888881888988188988818888988888888888888
88888888888888882989999119989911889988888888888888
88888888888888881199991811999911999888888888888888
88888888888888881898888111888981998988888888888888
88888888888888882888888889988981891988888888888888
88888888888888889988998889998288818988888888888888
88888888888888889999911111999911118888888888888888
88888888888888889999911011999911199888888888888888
89888888888888881999911091999912188988888888888888
89999999999988881999991199192911099999999999999999
89999999999999991999191999992911099999999999999999
99999999999999991999191999191911199999999999999999
99999999999999991198191992991111999999999999999999
N88888888888888888880101010188898888888888888888888
88888888888888888880111110188888888888888888888888
88888888888888888881110110288888888888888888888888
88888888888888888880010010988888888888888888888888
88888888888888888888000000888888888888888888888888
88888888888888888888001001888888888888888888888888
88888888888888888819101011991888888888888888888888
88888888888888899889100019188919888888888888888888
88888888888889989899101009118999918888888888888888
88888888888888888891111108998889991888888888888888
88888888888988888299100001998888888188888888888888
88888888888988889889809008998888889188888888888888
88888888881998898888899998888888899918888888888888
88888888881212988888998398888889911118888888888888
88888888981192988888998329888899212118188888888888
88888888889889198888928319888812098898898888888888
88888881898881028888918819888891018888898888888888
88888898888898919888912919888911089888881888888888
88888898889918811999919819999111188998889888888888
88888988199188811111118881111111888811188118888888
88889988198888889199989888999110888888188198888888
88889998918888881989989989988919888881981118888888
88888992991888881988998888189118888899991188888888
88888819991288888199988888999109888899991888888888
88888881989898881199988888199102888998118888888888
88888888119999991199111811199111199891188888888888
88888888881998898199198988199199988918888888888888
88888888888818898988188988188999998888888888888888
88888888888888199889919191189999198888888888888888
88888888888888881819188989191081888888888888888888
88888888888888888111988988181111888888888888888888
88888888888888888988988998188919888888888888888888
88888888888888888888298288998898888988888888888888
88888888888888888899228881129818998988888888888888
88888888888888889888919882188818998988888888888888
88888888888888889998828881988818998988888888888888
88888888888888881198818989989818998988888888888888
88888888888888881888988188988818888988888888888888
88888888888888882989999119989911889988888888888888
88888888888888881199991811999911999888888888888888
88888888888888881898888111888981998988888888888888
88888888888888882888888889988981891988888888888888
88888888888888889988998889998288818988888888888888
88888888888888889999911111999911118888888888888888
88888888888888889999911011999911199888888888888888
89888888888888881999911091999912188988888888888888
89999999999988881999991199192911099999999999999999
89999999999999991999191999992911099999999999999999
99999999999999991999191999191911199999999999999999
99999999999999991198191992991111999999999999999999
N88888888888888888819110011919888888888888888888888
88888888888888899811901001199998888888888888888888
88888888888819999191801108119899918888888888888888
88888888888888888112201001211889989888888888888888
88888888889888888899900001998888889988888888888888
88888888889888898888800009888898889188888888888888
88888888899988888888891919888899899198888888888888
88888888819118888888881998888889911119888888888888
88888888811999888888891998888889198118288888888888
88888888898891898888811818888891098888888888888888
88888898888811198888891899888821018889998888888888
88888889888811919888891819888911088888881888888888
88888998888981111998918811991111181888882288888888
88889999899188111112118881111111988198918198888888
88899891990888111999292899229111888811198988888888
88888890118888812181996866218111888888198189888888
88982891888888811182199899998119888882989198888888
88889999188888891181266966219118888889989118888888
88899189918888881192699969219108888818899088888888
88881998891888881129899999999101888998990888888888
88888999989298808819199199211191299899118888888888
88888881999898988888116611188899998990888888888888
88888888919988888129169196199189998998888888888888
88888888888188989219199699199128119888888888888888
88888888888889198882966666199810188888888888888888
88888888888888881111916666919119888888888888888888
88888888888888881916991211912121888888888888888888
88888888888888889216699228922190888888888888888888
88888888888888889912118888122221888888888888888888
88888888888888881992119889112199888888888888888888
88888888888888881986121192226291888888888888888888
88888888888888881888188198188991888888888888888888
88888888888888881888198188998898888988888888888888
88888888888888881899228881299898998988888888888888
88888888888888881888229882288818998988888888888888
88888888888888881998828881288818998988888888888888
88888888888888881998818989299818998988888888888888
88888888888888881888988188188898888988888888888888
88888888888888881889999119989991989988888888888888
88888888888888881299911811299991199888888888888888
88888888888888881898888101188981198988888888888888
88888888888888899888888889188981889988888888888888
88888888888888812288998889198988898988888888888888
88888888888888882919911191199921198888888888888888
88888888888888881219611091116211199888888888888888
89888888888888899116211091111111298988888888888888
89999999999988899111111099111111129999999999999999
89999999999999999111111099111111199999999999999999
99999999999999991111111199111111099999999999999999
99999999999999991111111199111901099999999999999999
N88888888888888888819110011919888888888888888888888
88888888888888899811901001199998888888888888888888
88888888888819999191801108119899918888888888888888
88888888888888888112201001211889989888888888888888
88888888889888888899900001998888889988888888888888
88888888889888898888800009888898889188888888888888
88888888899988888888891919888899899198888888888888
88888888819118888888881998888889911119888888888888
88888888811999888888891998888889198118288888888888
88888888898891898888811818888891098888888888888888
88888898888811198888891899888821018889998888888888
88888889888811919888891819888911088888881888888888
88888998888981111998918811991111181888882288888888
88889999899188111112118881111111988198918198888888
88899891990888111999292899229111888811198988888888
88888890118888812181996866218111888888198189888888
88982891888888811182199899998119888882989198888888
88889999188888891181266966219118888889989118888888
88899189918888881192699969219108888818899088888888
88881998891888881129899999999101888998990888888888
88888999989298808819199199211191299899118888888888
88888881999898988888116611188899998990888888888888
88888888919988888129169196199189998998888888888888
88888888888188989219199699199128119888888888888888
88888888888889198882966666199810188888888888888888
88888888888888881111916666919119888888888888888888
88888888888888881916991211912121888888888888888888
88888888888888889216699228922190888888888888888888
88888888888888889912118888122221888888888888888888
88888888888888881992119889112199888888888888888888
88888888888888881986121192226291888888888888888888
88888888888888881888188198188991888888888888888888
88888888888888881888198188998898888988888888888888
88888888888888881899228881299898998988888888888888
88888888888888881888229882288818998988888888888888
88888888888888881998828881288818998988888888888888
88888888888888881998818989299818998988888888888888
88888888888888881888988188188898888988888888888888
88888888888888881889999119989991989988888888888888
88888888888888881299911811299991199888888888888888
88888888888888881898888101188981198988888888888888
88888888888888899888888889188981889988888888888888
88888888888888812288998889198988898988888888888888
88888888888888882919911191199921198888888888888888
88888888888888881219611091116211199888888888888888
89888888888888899116211091111111298988888888888888
89999999999988899111111099111111129999999999999999
89999999999999999111111099111111199999999999999999
99999999999999991111111199111111099999999999999999
99999999999999991111111199111901099999999999999999
N88888888888888888890111111088888888888888888888888
88888888888888888880111010088888888888888888888888
88888888888888888880111010188888888888888888888888
88888888888888888889000000888888888888888888888888
88888888888888888888000000888888888888888888888888
88888888888888888881100100118888888888888888888888
88888888888888889989990011989188888888888888888888
88888888888889998811910101198999188888888888888888
88888888888899888991801100118889998888888888888888
88888888888888889999901100219889989888888888888888
88888888889888889899900000998888889888888888888888
88888888889888888888880001888898891188888888888888
88888888819998888888889889888899911188888888888888
88888888819119888888881891888899111188888888888888
88888889891181988888899998888881188898188888888888
88888888898891198888891822988891098889818888888888
88888818898811128888892999888911818888999888888888
88888888888818119888891919989910881989981888888888
88889998889188111999910881991110888111188888888888
88888881991888911111118888911118888889981888888888
88899881018888819999988188819118888899891188888888
88889889188888891988999111118118888819991888888888
88819999118888881188988998919118888999818888888888
88881289911888881199988198919118882989198888888888
88888119899188811199188119119101999890888888888888
88888891199199991119988888919911988218888888888888
88888888111998988119998999911291182888888888888888
88888888889198888888998999111181188888888888888888
88888888888881998899991199918181888888888888888888
88888888888888818919888988999808888888888888888888
88888888888888881111998999199118888888888888888888
88888888888888881888988998188998888888888888888888
88888888888888881888998188988898888988888888888888
88888888888888881899928889199818998988888888888888
88888888888888881888919882188818998988888888888888
88888888888888881198898881998818998988888888888888
88888888888888881198898989999818998988888888888888
88888888888888881888988188988898888988888888888888
88888888888888881889999119989991889988888888888888
88888888888888881999991811199991899888888888888888
88888888888888889898888111188981988988888888888888
88888888888888988888888889188981889988888888888888
88888888888888198988988889198988898988888888888888
88888888888888188199991111199991998888888888888888
88888888888888881998891111119991199888888888888888
89888888888888891188991191999992198988888888888888
89999999999988891198991199991922199999999999999999
89999999999999991198991199992821099999999999999999
99999999999999991118191199992811099999999999999999
99999999999999991119191199199811099999999999999999
N88888888888888888890111111088888888888888888888888
88888888888888888880111010088888888888888888888888
88888888888888888880111010188888888888888888888888
88888888888888888889000000888888888888888888888888
88888888888888888888000000888888888888888888888888
88888888888888888881100100118888888888888888888888
88888888888888889989990011989188888888888888888888
88888888888889998811910101198999188888888888888888
88888888888899888991801100118889998888888888888888
88888888888888889999901100219889989888888888888888
88888888889888889899900000998888889888888888888888
88888888889888888888880001888898891188888888888888
88888888819998888888889889888899911188888888888888
88888888819119888888881891888899111188888888888888
88888889891181988888899998888881188898188888888888
88888888898891198888891822988891098889818888888888
88888818898811128888892999888911818888999888888888
88888888888818119888891919989910881989981888888888
88889998889188111999910881991110888111188888888888
88888881991888911111118888911118888889981888888888
88899881018888819999988188819118888899891188888888
88889889188888891988999111118118888819991888888888
88819999118888881188988998919118888999818888888888
88881289911888881199988198919118882989198888888888
88888119899188811199188119119101999890888888888888
88888891199199991119988888919911988218888888888888
88888888111998988119998999911291182888888888888888
88888888889198888888998999111181188888888888888888
88888888888881998899991199918181888888888888888888
88888888888888818919888988999808888888888888888888
88888888888888881111998999199118888888888888888888
88888888888888881888988998188998888888888888888888
88888888888888881888998188988898888988888888888888
88888888888888881899928889199818998988888888888888
88888888888888881888919882188818998988888888888888
88888888888888881198898881998818998988888888888888
88888888888888881198898989999818998988888888888888
88888888888888881888988188988898888988888888888888
88888888888888881889999119989991889988888888888888
88888888888888881999991811199991899888888888888888
88888888888888889898888111188981988988888888888888
88888888888888988888888889188981889988888888888888
88888888888888198988988889198988898988888888888888
88888888888888188199991111199991998888888888888888
88888888888888881998891111119991199888888888888888
89888888888888891188991191999992198988888888888888
89999999999988891198991199991922199999999999999999
89999999999999991198991199992821099999999999999999
99999999999999991118191199992811099999999999999999
99999999999999991119191199199811099999999999999999
N88888888888888888810011100088888888888888888888888
88888888888888888890111101088888888888888888888888
88888888888888888880111001088888888888888888888888
88888888888888888880111010088888888888888888888888
88888888888888888880000000888888888888888888888888
88888888888888888888000100888888888888888888888888
88888888888888888889100100888888888888888888888888
88888888888888889199190000991888888888888888888888
88888888888888898891990000989991888888888888888888
88888888888899889819910110118899918888888888888888
88888888888888888819810100919889998888888888888888
88888888889888889199910000199189991888888888888888
88888888889888888889990000888898991988888888888888
88888888819888888888899998888899111198888888888888
88888888919199988888899998888899111188888888888888
88888889819119888888881199988891988189888888888888
88888888819891988888899199989810188899188888888888
88888828898811198888889199988810898889918888888888
88888888988811119888899129889911819988891888888888
88888988888989111998891881999118889111889888888888
88888988899988111129911888111118888899889988888888
88899881218888111199992129619118888819819888888888
88889881888888811198199112219118888199918888888888
88882882188888812198116999999188889998198888888888
88819999918888881169126112212118898981988888888888
88881189911888811119169619612109998918888888888888
88888199999188901119111191112111881188888888888888
88888891199929999989899692111181988888888888888888
88888888912998888999926616119191188888888888888888
88888888888188988119929616119290888888888888888888
88888888888888299188999999121888888888888888888888
88888888888888891888989198188198889888888888888888
88888888888888881888998988988818888988888888888888
88888888888888881891128881119818998988888888888888
88888888888888881888199881188818998988888888888888
88888888888888881198818881198818998988888888888888
88888888888888881118818989299818998988888888888888
88888888888888881888988188988818888988888888888888
88888888888888882889999119988911989988888888888888
88888888888888881999991911199911898888888888888888
88888888888888889898888111188981988888888888888888
88888888888888889888888889188981889988888888888888
88888888888881880988898882198988898988888888888888
88888888888881180999299111112222298888888888888888
88888888888888991192662101112211189888888888888888
88889988888888911199611100111911188898888889888889
89999999999998811999611119161911199999999999999999
89999999999999911919611119161161199999999999999999
89999999999999991199619119111191099999999999999999
99999999999999991119619119912191099999999999999999
N88888888888888888888100000888888888888888888888888
88888888888888888889110000888888888888888888888888
88888888888888888999991000991888888888888888888888
88888888888888998811910010098999188888888888888888
88888888888899899191880111018889998888888888888888
88888888888888888992910100019989999888888888888888
88888888889888889989990000099998991888888888888888
88888888889888888888891011988899991188888888888888
88888888819888888888889111988889911198888888888888
88888888819199988888881111198889111199888888888888
88888888819118888888899116298881198898888888888888
88888888899881989888891116698881098889888888888888
88888898898890199888889111698891818888998888888888
88888898888811219988899191199911889888891888888888
88888988888911111999991091199111889999188188888888
88888888889188191112111888911110888811988988888888
88889989991888119119921699961911888881981988888888
88882880108888811618926611111918888891991188888888
88981892888888816118816991616918888891991888888888
88989289188888881619926611621208888989818888888888
88819989118888881119919911611118889989198888888888
88881298291888891112911698961210999891888888888888
88888199991188810198826661611119198918888888888888
88888811999919998811996961618911118188888888888888
88888888111998888899986119911192108888888888888888
88888888889188888888896966669109188888888888888888
88888888888888998811989966619918888888888888888888
88888888888888881111181666612219888888888888888888
88888888888888881122129611111911888888888888888888
88888888888888881991228611196212888888888888888888
88888888888888882998929811111991888888888888888888
88888888888888888888989998988982889888888888888888
88888888888888888888998288988898888988888888888888
88888888888888888899928881229898998988888888888888
88888888888888888888999881188898198988888888888888
88888888888888888198898881198898198988888888888888
88888888888888888218898989129898998988888888888888
88888888888888888888988188188898888988888888888888
88888888888888888889999119989999889988888888888888
88888888888888888999999811119999118888888888888888
88888888888888888898888110188989118888888888888888
88888888888888928888888889188982889988888888888888
88888888888888818988898882198988818988888888888888
88888888888811929992299119111292118888888888888888
88888888888881891892669109111262119888888888888888
88889988888889911191666119111111118898888889888889
89999999999998911911661119916111119999999999999999
89999999999999811992611119916111119999999999999999
89999999999999911992611111916116119999999999999999
99999999999999991191611111911119199999999999999999
N88888888888888888999111000089188888888888888888888
88888888888888899899999010019999298888888888888888
88888888888899999911991011011989999888888888888888
88888888888888888999999000019918999888888888888888
88888888889888888988989000098991899188888888888888
88888888889888888888888101988889991188888888888888
88888888889998888888898911998889111118888888888888
88888888819911888888888912998888119118888888888888
88888888819119988888889912299999198889988888888888
88888889889889198888889211169889118889998888888888
88888888898881119988889111119991199888891888888888
88888898898891191988889111111111081988899188888888
88888888888891111199991211111110088199918988888888
88888989989918919911111111111111988811198898888888
88888881999088111999199111111191888888198198888888
88898881110888811899819110111911888889191118888888
88888889198888811999889999121911888889198188888888
88888999198888881299899991999110888899881188888888
88818989919888881299999891911111888898810888888888
88881998991988881192988889889999189889118888888888
88889129989998881128999889989111919891988888888888
88888811999991999889888999999911111818888888888888
88888888119999888881189889989189111988888888888888
88888888881199888888888888989211908888888888888888
88888888888881999881198988991911888888888888888888
88888888888888881111118889991991288888888888888888
88888888888888888119999889999181188888888888888888
88888888888888888199992889998189188888888888888888
88888888888888888199899188889289918888888888888888
88888888888888888988899128889988918888888888888888
88888888888888888988889199189988818888888888888888
88888888888888888888988198188999889888888888888888
88888888888888888888988988288898888988888888888888
88888888888888888891988881129898998988888888888888
88888888888888888888988881188898998988888888888888
88888888888888888998888881198898998988888888888888
88888888888888888918898989111898928988888888888888
88888888888888888888988988188898888988888888888888
88888888888888888889989919999188881888888888888888
88888888888888888999999811119988911888888888888888
88888888888888888898888911188988811888888888888888
88888888888888988888888889188189891988888888888888
88888888888898808988898882198188818988888888888888
88888888888919808999999911111999918888888888888888
88888888888819898899998910911199919888888888888888
88889988888881911119998910811919119998888889888889
89999999999888119999999911821991119999999999999999
89999999999999919991992111991991119999999999999999
89999999999999911991991111991991119999999999999999
99999999999999991191991111991991199999999999999999
N88888888888888888899991010918888888888888888888888
88888888888888889989911000099111888888888888888888
88888888888889991911899011019889998888888888888888
88888888888988988981911011001189998888888888888888
88888888888888888989999000009998991888888888888888
88888888889888888888989000098891991888888888888888
88888888889888888888888999998889911188888888888888
88888888829998888888888911998889111198888888888888
88888888819911888888889919998889198918888888888888
88888888819199988888889918228889198899288888888888
88888888889881198888888919199891018889918888888888
88888888898880119988889219119991898888891888888888
88888818898891191988889101111110881988989888888888
88888888888811111229991011611110888191188988888888
88888989989188919991110111111111888889988988888888
88888881991988111898991116111111888881989988888888
88898881119888811989891116111111888819991188888888
88888889188888811899899111111118888898891888888888
88888999128888881199899911111618888988918888888888
88819989919888881199991111111911889989188888888888
88881199829988881119989991211111118891888888888888
88888119989118891189182889991891918918888888888888
88888811999991998889889991991911812988888888888888
88888888119999888881999889889991808888888888888888
88888888889198888889919888981918188888888888888888
88888888888888199988898988991991888888888888888888
88888888888888889119998899991191888888888888888888
88888888888888888199199889999991188888888888888888
88888888888888888199899889999981988888888888888888
88888888888888888199899188889181188888888888888888
88888888888888888188889118891981998888888888888888
88888888888888888888988198188999889888888888888888
88888888888888888888988988988898888988888888888888
88888888888888888891988881129898918988888888888888
88888888888888888888988881188898918988888888888888
88888888888888888998888881198898918988888888888888
88888888888888888918898989112898918988888888888888
88888888888888888888988988188898888988888888888888
88888888888888888889999919999189889988888888888888
88888888888888888999999811119988919888888888888888
88888888888888888898888911188988811888888888888888
88888888888888888888888889188189891988888888888888
88888888888898988988898882198288818988888888888888
88888888888198888999199991919999918888888888888888
88888888889118818889999991911299911888888888888888
88889988888818111119999991911999111898888889888889
89999999998889111991999911991991119999999999999999
89999999999999119992991111991991119999999999999999
89999999999999911999991111981991919999999999999999
99999999999999911199191111191991919999999999999999
N88888888888888888880029900088888888888888888888888
88888888888888888880000000188888888888888888888888
88888888888888888889000000888888888888888888888888
88888888888888888881900000888888888888888888888888
88888888888888889991121000919888888888888888888888
88888888888888898891991010089991888888888888888888
88888888888899999811911011018899188888888888888888
88888888888988888911881011011899918888888888888888
88888888889888889899911000019889918888888888888888
88888888898888889889989000089919111888888888888888
88888888818888888888888189888891111188888888888888
88888888919998888888889989988891111898888888888888
88888889119111888888889188998991988998888888888888
88888888819191988888889199199990988999888888888888
88888818818891188888889199999918188989188888888888
88888898898811119888889111199118899999118888888888
88888988988911191988889199331108891118918888888888
88888988989189199199991199331008888898818888888888
88898989891881111921119913333318888198118888888888
88889881118888118998899923333388881999198888888888
88989891288888918898891133333389889899988888888888
88889891888888811898889133333388898891888888888888
88189999198888811298998911333388998118888888888888
88812192918888811919919911333331889988888888888888
88881129919988111199988890012191898888888888888888
88888112199191998899998899918211188888888888888888
88888881119998888888828899912910888888888888888888
88888888821988888899888998911118888888888888888888
88888888888891988919998899911188888888888888888888
88888888888888811189899899909188888888888888888888
88888888888888811919289999119118888888888888888888
88888888888888819888288198188918889888888888888888
88888888888888899888998988288818888988888888888888
88888888888888889899918881199898998988888888888888
88888888888888889888999881188898998988888888888888
88888888888888889998898881998898998988888888888888
88888888888888889918898989999898998988888888888888
88888888888888889888988988988898888988888888888888
88888888888888889889999219998989889988888888888888
88888888888888888999999811119988298888888888888888
88888888888888888898888911188988998888888888888888
88888888888888888888888889188989899988888888888888
88888888888888188988898882198988818988888888888888
88888888888198188999999991119999118888888888888888
88888888881111888819989991111999119888888888888888
88889988888918111119989911919919118998888889888889
89999999988899111919982911819999119999999999999999
89999999999989111991989911111991919999999999999999
89999999999999111999989911111981919999999999999999
99999999999999911199199191091991919999999999999999
N88888888888888888800001100188888888888888888888888
88888888888888888890099110088888888888888888888888
88888888888888888890199900088888888888888888888888
88888888888888888890199900088888888888888888888888
88888888888888888880199100188888888888888888888888
88888888888888888890000000888888888888888888888888
88888888888888888881000001888888888888888888888888
88888888888888888899100009888888888888888888888888
88888888888888889999990009919988888888888888888888
88888888888888988899199010199991888888888888888888
88888888888899898199990111088999988888888888888888
88888888889888888918890110018899188888888888888888
88888888898888889199110000099899188888888888888888
88888888898888889889999000989991118888888888888888
88888888898888888888889999888911119888888888888888
88888888199988988888899199988819919988888888888888
88888888199119888888889119988819889918888888888888
88888898911199888888899191299919889999888888888888
88888888898811989888889192999991999991888888888888
88888988988911199888899191399188199189188888888888
88888988988111219988899093331088899188988888888888
88888888891891911299921923333188881981188888888888
88889899919889111111111233333398819811888888888888
88988811198888116198126133333388899999888888888888
88888818888888111668111193333888888918888888888888
89889891888888816128996191333889981188888888888888
88199991188888111619126291001198818888888888888888
88819992918889111119166191111118988888888888888888
88881219911289911119999996111111888888888888888888
88888912199988889119826166111118888888888888888888
88888889119988888888926611119988888888888888888888
88888888889198888888989198188988889888888888888888
88888888888881998888998988288898888988888888888888
88888888888888111899998881119898998988888888888888
88888888888888112888919881188898998988888888888888
88888888888888929998818881198818998988888888888888
88888888888888819118898989299818998988888888888888
88888888888888811888988188988818888988888888888888
88888888888888811889999119998911889988888888888888
88888888888888899929999911199911998888888888888888
88888888888888889898888111188981888888888888888888
88888888888888881888888889188981889988888888888888
88888888888888888988898882198988898988888888888888
88888888888988188999229211112911198888888888888888
88888888891111188198996610111211199888888888888888
88889988881198111199291111111111198998888889888889
89999999988819111119991111116161199999999999999999
89999999999989121191999911116119199999999999999999
89999999999999111191999111111119199999999999999999
99999999999999911199199191101112199999999999999999
N88899999999999999999999999999999999999999999999999
88899999999999999999999999999999999999999999999999
88999999999999999999999888889999999999999999999999
88999999999999999998119888999999999999999999999999
88999999999999999991211199119999999999999999999999
88999999999999999911199919811999100099999999999999
88999999999999999192999998919191000009999999999999
88999999999999999299999111911111000100999999999999
88999999999999999111111911999111000100999999999999
88999999999999999111191111999911009100999999999999
88999999999999999119919611999911101100199999999999
88999999999999992119999691199910191001229899999999
88999999999999991119999166190100111100961999999999
88999999999999999119126166111100110000961999999999
88999999999999999111116161129100101000961199999999
88999999999999999121111111119100110009211199999999
88999999999999999211166111111190110011211199999999
88999999999999919211199611111110000111111119999999
88999999999999819666169611111011001001996699999999
88999999999999811666919111111000100199999199999999
88999999999999811661919611122101110889999611999999
88999999999999812111966191121101100888199962999999
88999999999999119111929191111189109889999999999999
88999999998999912111991111111198888888919911189999
88999999989199121111919911111888888888891921119999
88999999999191991911919999991298888888888111111989
88999999991111991811919999199199998888988819199199
89999999991111199998911111091898989989888999918889
89999999911088898989811100898889889989888919818889
89999999998888888888811198881128888888888889988888
89999999999899888888888888811122288888888888888888
89999999999999999888988998988112981998888888888888
89999999999999999888998988988818888998888888888888
89999999999999999899998889999898928988888888888889
89999999999999999888999889988898198998888888888888
89999999999999999998899889988898198998888888888888
89999999999999999998898989999898998998888888888888
89999999999999999888888988988898888988888888888888
89999999999999999889989998988999881988888888888888
89999999999999999999999999999999999999999999988988
89999999999999999898888199988989999999999999998988
89999999999999999888888889988989899999999999999999
89999999999999999988998889998988898999999999999999
89999999999999999999999999999999998999999999999999
89999999999999999999999999999999999999999999999999
89999999999999999999999999999999999999999999999999
99999999999999999999999999999999999999999999999999
99999999999999999999999999999999999999999999999999
99999999999999999999999999999999999999999999999999
99999999999999999999999999999999999999999999999999
N88899999999999999999999999999999999999999999999999
88899999999999999999999999999999999999999999999999
88999999999999999999999888889999999999999999999999
88999999999999999998119888999999999999999999999999
88999999999999999991211199119999999999999999999999
88999999999999999911199919811999100099999999999999
88999999999999999192999998919191000009999999999999
88999999999999999299999111911111000100999999999999
88999999999999999111111911999111000100999999999999
88999999999999999111191111999911009100999999999999
88999999999999999119919611999911101100199999999999
88999999999999992119999691199910191001229899999999
88999999999999991119999166190100111100961999999999
88999999999999999119126166111100110000961999999999
88999999999999999111116161129100101000961199999999
88999999999999999121111111119100110009211199999999
88999999999999999211166111111190110011211199999999
88999999999999919211199611111110000111111119999999
88999999999999819666169611111011001001996699999999
88999999999999811666919111111000100199999199999999
88999999999999811661919611122101110889999611999999
88999999999999812111966191121101100888199962999999
88999999999999119111929191111189109889999999999999
88999999998999912111991111111198888888919911189999
88999999989199121111919911111888888888891921119999
88999999999191991911919999991298888888888111111989
88999999991111991811919999199199998888988819199199
89999999991111199998911111091898989989888999918889
89999999911088898989811100898889889989888919818889
89999999998888888888811198881128888888888889988888
89999999999899888888888888811122288888888888888888
89999999999999999888988998988112981998888888888888
89999999999999999888998988988818888998888888888888
89999999999999999899998889999898928988888888888889
89999999999999999888999889988898198998888888888888
89999999999999999998899889988898198998888888888888
89999999999999999998898989999898998998888888888888
89999999999999999888888988988898888988888888888888
89999999999999999889989998988999881988888888888888
89999999999999999999999999999999999999999999988988
89999999999999999898888199988989999999999999998988
89999999999999999888888889988989899999999999999999
89999999999999999988998889998988898999999999999999
89999999999999999999999999999999998999999999999999
89999999999999999999999999999999999999999999999999
89999999999999999999999999999999999999999999999999
99999999999999999999999999999999999999999999999999
99999999999999999999999999999999999999999999999999
99999999999999999999999999999999999999999999999999
99999999999999999999999999999999999999999999999999
N88999999999999999999999999999999999999999999999999
88999999999999999999999999999999999999999999999999
88999999999999999988899888889999999999999999999999
88999999999999999988899888888899999999999999999999
88999999999999998888888888888889899999999999999999
88999999999999998899888888888889898118999999999999
88999999999999998899888888898889800000999999999999
88999999999999998888889999111199900000099999999999
88999999999999998888888129998889100000009999999999
88999999999999998888881299888889100000002999999999
88999999999999998888812698888889100110001299999999
88999999999999889999926699888811100000001919999999
88999999999999889999166669891010011000009911999999
88999999999999889999116699899910019100119111889999
88999999999999889999116666919990000110011111889999
88999999999999889999111111192991001000001111889999
88999999999999888899111111291111000000011111989999
88999999999999888891211991111911101000112111989999
88999999999999888891919991119111100001119911899999
88999999999999888891919990111110000010819911899999
88999999999999888811169991000000011018819911889999
88999999999999888819699911111111011088819911889999
88999999888899889812999611011111011088899911899999
88999999888888899119191108111111119888889911889999
88999999889988999111111088911111111988881911888888
88999999889999191111111998111111119888881911188888
88999999889899111111999911111111118898989119188888
89999999888881111199999119191111188888989212221889
89999999888891011111111901119889989889888199118889
89999999888881008898110881111898889989888211898889
89999999888899888888888999119988888899999888888888
89999999999999999888988998988998889998888888888888
89999999999999999888998988988898888998888888888888
89999999999999999899998889999898998988888888888889
89999999999999999888999889988898998998888888888888
89999999999999999998899889988898198998888888888888
89999999999999999998898989999898998998888888888888
89999999999999999888888988988898888988888888888888
89999999999999999889989998988999881988888888888888
89999999999999999999999999999999999999999999988988
89999999999999999898888199988989999999999999998988
89999999999999999888888889988989899999999999999999
89999999999999999988998889998988898999999999999999
89999999999999999999999999999999998999999999999999
89999999999999999999999999999999999999999999999999
89999999999999999999999999999999999999999999999999
99999999999999999999999999999999999999999999999999
99999999999999999999999999999999999999999999999999
99999999999999999999999999999999999999999999999999
99999999999999999999999999999999999999999999999999
N88999999999999999999999999999999999999999999999999
88999999999999999999999999999999999999999999999999
88999999999999999988899888889999999999999999999999
88999999999999999988899888888899999999999999999999
88999999999999998888888888888889899999999999999999
88999999999999998899888888888889898118999999999999
88999999999999998899888888898889800000999999999999
88999999999999998888889999111199900000099999999999
88999999999999998888888129998889100000009999999999
88999999999999998888881299888889100000002999999999
88999999999999998888812698888889100110001299999999
88999999999999889999926699888811100000001919999999
88999999999999889999166669891010011000009911999999
88999999999999889999116699899910019100119111889999
88999999999999889999116666919990000110011111889999
88999999999999889999111111192991001000001111889999
88999999999999888899111111291111000000011111989999
88999999999999888891211991111911101000112111989999
88999999999999888891919991119111100001119911899999
88999999999999888891919990111110000010819911899999
88999999999999888811169991000000011018819911889999
88999999999999888819699911111111011088819911889999
88999999888899889812999611011111011088899911899999
88999999888888899119191108111111119888889911889999
88999999889988999111111088911111111988881911888888
88999999889999191111111998111111119888881911188888
88999999889899111111999911111111118898989119188888
89999999888881111199999119191111188888989212221889
89999999888891011111111901119889989889888199118889
89999999888881008898110881111898889989888211898889
89999999888899888888888999119988888899999888888888
89999999999999999888988998988998889998888888888888
89999999999999999888998988988898888998888888888888
89999999999999999899998889999898998988888888888889
89999999999999999888999889988898998998888888888888
89999999999999999998899889988898198998888888888888
89999999999999999998898989999898998998888888888888
89999999999999999888888988988898888988888888888888
89999999999999999889989998988999881988888888888888
89999999999999999999999999999999999999999999988988
89999999999999999898888199988989999999999999998988
89999999999999999888888889988989899999999999999999
89999999999999999988998889998988898999999999999999
89999999999999999999999999999999998999999999999999
89999999999999999999999999999999999999999999999999
89999999999999999999999999999999999999999999999999
99999999999999999999999999999999999999999999999999
99999999999999999999999999999999999999999999999999
99999999999999999999999999999999999999999999999999
99999999999999999999999999999999999999999999999999
N88999999999999999999999999999999999999999999999999
88999999999999999999999999999999999999999999999999
88999999999999999988899888889999999999999999999999
88999999999999999988899888888899999999999999999999
88999999999999998888888888888899999999999999999999
88999999999999998899888888888899999999999999999999
88999999999999998899889211891289999999999999999999
88999999999999998888811229199211899999999999999999
88999999999999998888119999990000199999999999999999
88999999999999998888119999900010099999999999999999
88999999999999998888112212100010009999999999999999
88999999999999889989111999100010001199899999999999
88999999999999889999911998010010009219999999999999
88999999999999889999966198118000109961999999889999
88999999999999889919699199001900909696199999889999
88999999999999889916169910001000009996199999889999
88999999999999889111166119000010006961119999989999
88999999999999889111111119901000001661119999989999
88999999999999889126111111100100011111119999989999
88999999999999889199611111110000111111161999989999
88999999999999889199691111110001111299691999989999
88999999999999889199661111100101100999661899989999
88999999888899889196661108811110118999969899989999
88999999888888889191991118800110198899999999989999
88999999889988888111991198880000188819812188888888
88999999889988888111911188882111188889911188888888
88999999889888888191111188889111188889911118888888
89999999888888889199911188881898888889889129898888
89999999888888889191991298889198999999988918988888
89999999888888881111111198889119298999899289989888
89999999888888889110088888889111988889110098898888
89999999999999999888988998988929889998888888888888
89999999999999999888998988988898888998888888888888
89999999999999999899998889999898998988888888888889
89999999999999999888999889988898998998888888888888
89999999999999999998899889988898198998888888888888
89999999999999999998898989999898998998888888888888
89999999999999999888888988988898888988888888888888
89999999999999999889989998988999881988888888888888
89999999999999999999999999999999999999999999988988
89999999999999999898888199988989999999999999998988
89999999999999999888888889988989899999999999999999
89999999999999999988998889998988898999999999999999
89999999999999999999999999999999998999999999999999
89999999999999999999999999999999999999999999999999
89999999999999999999999999999999999999999999999999
99999999999999999999999999999999999999999999999999
99999999999999999999999999999999999999999999999999
99999999999999999999999999999999999999999999999999
99999999999999999999999999999999999999999999999999
N88999999999999999999999999999999999999999999999999
88999999999999999999999999999999999999999999999999
88999999999999999988899888889999999999999999999999
88999999999999999988899888888899999999999999999999
88999999999999998888888888888899999999999999999999
88999999999999998899888888888899999999999999999999
88999999999999998899889211891289999999999999999999
88999999999999998888811229199211899999999999999999
88999999999999998888119999990000199999999999999999
88999999999999998888119999900010099999999999999999
88999999999999998888112212100010009999999999999999
88999999999999889989111999100010001199899999999999
88999999999999889999911998010010009219999999999999
88999999999999889999966198118000109961999999889999
88999999999999889919699199001900909696199999889999
88999999999999889916169910001000009996199999889999
88999999999999889111166119000010006961119999989999
88999999999999889111111119901000001661119999989999
88999999999999889126111111100100011111119999989999
88999999999999889199611111110000111111161999989999
88999999999999889199691111110001111299691999989999
88999999999999889199661111100101100999661899989999
88999999888899889196661108811110118999969899989999
88999999888888889191991118800110198899999999989999
88999999889988888111991198880000188819812188888888
88999999889988888111911188882111188889911188888888
88999999889888888191111188889111188889911118888888
89999999888888889199911188881898888889889129898888
89999999888888889191991298889198999999988918988888
89999999888888881111111198889119298999899289989888
89999999888888889110088888889111988889110098898888
89999999999999999888988998988929889998888888888888
89999999999999999888998988988898888998888888888888
89999999999999999899998889999898998988888888888889
89999999999999999888999889988898998998888888888888
89999999999999999998899889988898198998888888888888
89999999999999999998898989999898998998888888888888
89999999999999999888888988988898888988888888888888
89999999999999999889989998988999881988888888888888
89999999999999999999999999999999999999999999988988
89999999999999999898888199988989999999999999998988
89999999999999999888888889988989899999999999999999
89999999999999999988998889998988898999999999999999
89999999999999999999999999999999998999999999999999
89999999999999999999999999999999999999999999999999
89999999999999999999999999999999999999999999999999
99999999999999999999999999999999999999999999999999
99999999999999999999999999999999999999999999999999
99999999999999999999999999999999999999999999999999
99999999999999999999999999999999999999999999999999
N88999999999999999999999999999999999999999999999999
88999999999999999999999999999999999999999999999999
88999999999999999988899888889999999999999999999999
88999999999999999988899888888899999999999999999999
88999999999999998888888888888888999999999999999999
88999999999999998899888888888888999999999999999999
88999999999999998899888888881888999999999999999999
88999999999999998888888888000008999999999999999999
88999999999999998888888881000000999999999999999999
88999999999999998888891921001000119998999999999999
88999999999999998889199981001000199198889999999999
88999999999999889992999811001000099919998999999999
88999999999999889926698881001000989891998999999999
88999999999999889296699910900011999966188899889999
88999999999999889299669910010000099666698899889999
88999999999999889169969990000000889696118899889999
88999999999999889126911120001000111666118888989999
88999999999999882111111911000001111161118888989999
88999999999999881111101111100011111111118888989999
88999999999999881111911111100011111961118888989999
88999999999999989919910111100011100999169988989999
88999999999999999669919111011001111999191988989999
88999999888899899669919111011002111996611988989999
88999999888888889999119111000002211199911988989999
88999999889988889999111111988012111999911888888888
88999999889988899199111101888111111919911888888888
88999999889888811181911111888888811999892998888888
89999999888888811119111110889989991199889989888889
89999999888888811991111111899291181199819889898888
89999999888888811119111118888911110811121188888888
89999999888888891011199198888888111990909988888888
89999999999999991998999998988998891181109988888889
89999999999999999888998988988898888988888888888899
89999999999999999899998889999898998988888888888889
89999999999999999888999889988898998998888888888888
89999999999999999998899889988898198998888888888888
89999999999999999998898989999898998998888888888888
89999999999999999888888988988898888988888888888888
89999999999999999889989998988999881988888888888888
89999999999999999999999999999999999999999999988988
89999999999999999898888199988989999999999999998988
89999999999999999888888889988989899999999999999999
89999999999999999988998889998988898999999999999999
89999999999999999999999999999999998999999999999999
89999999999999999999999999999999999999999999999999
89999999999999999999999999999999999999999999999999
99999999999999999999999999999999999999999999999999
99999999999999999999999999999999999999999999999999
99999999999999999999999999999999999999999999999999
99999999999999999999999999999999999999999999999999
N88999999999999999999999999999999999999999999999999
88999999999999999999999999999999999999999999999999
88999999999999999988899888889999999999999999999999
88999999999999999988899888888899999999999999999999
88999999999999998888888888888888999999999999999999
88999999999999998899888888888888999999999999999999
88999999999999998899888888881888999999999999999999
88999999999999998888888888000008999999999999999999
88999999999999998888888881000000999999999999999999
88999999999999998888891921001000119998999999999999
88999999999999998889199981001000199198889999999999
88999999999999889992999811001000099919998999999999
88999999999999889926698881001000989891998999999999
88999999999999889296699910900011999966188899889999
88999999999999889299669910010000099666698899889999
88999999999999889169969990000000889696118899889999
88999999999999889126911120001000111666118888989999
88999999999999882111111911000001111161118888989999
88999999999999881111101111100011111111118888989999
88999999999999881111911111100011111961118888989999
88999999999999989919910111100011100999169988989999
88999999999999999669919111011001111999191988989999
88999999888899899669919111011002111996611988989999
88999999888888889999119111000002211199911988989999
88999999889988889999111111988012111999911888888888
88999999889988899199111101888111111919911888888888
88999999889888811181911111888888811999892998888888
89999999888888811119111110889989991199889989888889
89999999888888811991111111899291181199819889898888
89999999888888811119111118888911110811121188888888
89999999888888891011199198888888111990909988888888
89999999999999991998999998988998891181109988888889
89999999999999999888998988988898888988888888888899
89999999999999999899998889999898998988888888888889
89999999999999999888999889988898998998888888888888
89999999999999999998899889988898198998888888888888
89999999999999999998898989999898998998888888888888
89999999999999999888888988988898888988888888888888
89999999999999999889989998988999881988888888888888
89999999999999999999999999999999999999999999988988
89999999999999999898888199988989999999999999998988
89999999999999999888888889988989899999999999999999
89999999999999999988998889998988898999999999999999
89999999999999999999999999999999998999999999999999
89999999999999999999999999999999999999999999999999
89999999999999999999999999999999999999999999999999
99999999999999999999999999999999999999999999999999
99999999999999999999999999999999999999999999999999
99999999999999999999999999999999999999999999999999
99999999999999999999999999999999999999999999999999
N88999999999999999999999999999999999999999999999988
88999999999999999999999999999999999999999999999988
88999999999999999988899888889999999999999999999999
88999999999999999988899888888899999999999999999999
88999999999999998888888888889988999999999999999999
88999999999999998899888888889988999999999999999999
88999999999999998899888888889988999999999999999999
88999999999999998888888888888988888899999999999999
88999999999999998888888888888888888899999999999999
88999999999999998888888800008888888888999999999988
88999999999999998888888000000888888888889999999988
88999999999999888889999000000199199988888999999988
88999999999999888999981000000088929988888999999988
88999999999999889989880001000018899998888999889998
88999999999999889989880001000098899892888999889998
88999999999999899988990000000009998999888999889998
88999999999999819988911900011090988999988888989998
88999999999999819998881010000098888999188888989998
88999999999999819999190000000091199999088888989998
88999999999999911911191000000011911191188888989998
88999999999999911111111100000111119111188888989998
88999999999999891881111110001111119891988888989998
88999999888899899889911110000110008881998888989998
88999999888888898889819001100000198899298888989998
88999999889988999881819911110011199899198888888888
88999999889988988891819920011888111899888988888888
88999999889888188998811111181898889899888889998888
89999999888888111919811110188918891889188998988888
89999999888888111988891110099891111091118888888888
89999999888888119198891111088881111111118888888888
89999999888889110119881011088889119199118888888888
89999999999999101999999119988998881808908888888899
89999999999999810888998988988898888110098888888899
89999999999998999899998889999898998988888888888889
89999999999999999888999889988898998998888888888888
89999999999999999998898889988898198998888888888888
89999999999999999998898989999898998998888888888888
89999999999999999888888988988898888988888888888888
89999999999999999889989998988999881988888888888888
89999999999999999999999999999999999999999999988988
89999999999999999898888199988989999999999999998988
89999999999999999888888889988989899999999999999999
89999999999999999988998889998988898999999999999999
89999999999999999999999999999999998999999999999999
89999999999999999999999999999999999999999999999999
89999999999999999999999999999999999999999999999999
99999999999999999999999999999999999999999999999999
99999999999999999999999999999999999999999999999999
99999999999999999999999999999999999999999999999999
99999999999999999999999999999999999999999999999999
N88999999999999999999999999999999999999999999999988
88999999999999999999999999999999999999999999999988
88999999999999999988899888889999999999999999999999
88999999999999999988899888888899999999999999999999
88999999999999998888888888889988999999999999999999
88999999999999998899888888889988999999999999999999
88999999999999998899888888889988999999999999999999
88999999999999998888888888888988888899999999999999
88999999999999998888888888888888888899999999999999
88999999999999998888888800008888888888999999999988
88999999999999998888888000000888888888889999999988
88999999999999888889999000000199199988888999999988
88999999999999888999981000000088929988888999999988
88999999999999889989880001000018899998888999889998
88999999999999889989880001000098899892888999889998
88999999999999899988990000000009998999888999889998
88999999999999819988911900011090988999988888989998
88999999999999819998881010000098888999188888989998
88999999999999819999190000000091199999088888989998
88999999999999911911191000000011911191188888989998
88999999999999911111111100000111119111188888989998
88999999999999891881111110001111119891988888989998
88999999888899899889911110000110008881998888989998
88999999888888898889819001100000198899298888989998
88999999889988999881819911110011199899198888888888
88999999889988988891819920011888111899888988888888
88999999889888188998811111181898889899888889998888
89999999888888111919811110188918891889188998988888
89999999888888111988891110099891111091118888888888
89999999888888119198891111088881111111118888888888
89999999888889110119881011088889119199118888888888
89999999999999101999999119988998881808908888888899
89999999999999810888998988988898888110098888888899
89999999999998999899998889999898998988888888888889
89999999999999999888999889988898998998888888888888
89999999999999999998898889988898198998888888888888
89999999999999999998898989999898998998888888888888
89999999999999999888888988988898888988888888888888
89999999999999999889989998988999881988888888888888
89999999999999999999999999999999999999999999988988
89999999999999999898888199988989999999999999998988
89999999999999999888888889988989899999999999999999
89999999999999999988998889998988898999999999999999
89999999999999999999999999999999998999999999999999
89999999999999999999999999999999999999999999999999
89999999999999999999999999999999999999999999999999
99999999999999999999999999999999999999999999999999
99999999999999999999999999999999999999999999999999
99999999999999999999999999999999999999999999999999
99999999999999999999999999999999999999999999999999
N88999999999999999999999999999999999999999999999988
88999999999999999999999999999999999999999999999988
88999999999999999988899888889999999999999999999999
88999999999999999988899888888899999999999999999999
88999999999999998888888888889988999999999999999999
88999999999999998899888888889988999999999999999999
88999999999999998899888888889988999999999999999999
88999999999999998888888888888988888899999999999999
88999999999999998888888888888888888899999999999999
88999999999999998888888888888888888888999999999988
88999999999999998888888888999289998888889999999988
88999999999999888888888889192999999188888999999988
88999999999999888888888891988999891118888999999988
88999999999999888888888000009999991118888999889998
88999999999999888888880010009991191118888999889998
88999999999999888888920010000919911118888999889998
88999999999999888899910010000899911119888888989998
88999999999999888999990010000998999911888888989998
88999999999999889888899100900999899911888888989998
88999999999999889998890101000099889911888888989998
88999999999999891999890000000019999911888888989998
88999999999999891999990011000998999111888888989998
88999999888899919199911000009911991911888888889998
88999999888888918911101100011111118811888888889998
88999999889988998988011110818881899988999888888888
88999999889988889989990111998989999988998998888888
88999999889888998899888801998198199881988989888888
89999999888888191891888801101188989911998888888888
89999999888881119919888810001188281111918888888888
89999999888891119988888891191188811111119988888988
89999999888811100888888891191291111111111988889999
89999999891101110888988999988191981111101188888999
89999999811011198888998988988818888100001288888899
89999999999889009899998889999828998188801198888889
89999999999999999888999889988898998998888888888889
89999999999999999998899889388898198998888888888889
89999999999999999998898989339898998998888888888888
89999999999999999888888988998828888988888888888888
89999999999999999889989998988199881988888888888888
89999999999999999999999999922199999999999999988988
89999999999999999898888192988989999999999999998988
89999999999999999888888889988989899999999999999999
89999999999999999988998889998988898999999999999999
89999999999999999999999999999999998999999999999999
89999999999999999999999999999999999999999999999999
89999999999999999999999999999999999999999999999999
99999999999999999999999999999999999999999999999999
99999999999999999999999999999999999999999999999999
99999999999999999999999999999999999999999999999999
99999999999999999999999999999999999999999999999999
N88999999999999999999999999999999999999999999999988
88999999999999999999999999999999999999999999999988
88999999999999999988899888889999999999999999999999
88999999999999999988899888888899999999999999999999
88999999999999998888888888889988999999999999999999
88999999999999998899888888889988999999999999999999
88999999999999998899888888889988999999999999999999
88999999999999998888888888888988888899999999999999
88999999999999998888888888888888888899999999999999
88999999999999998888888888888888888888999999999988
88999999999999998888888888999289998888889999999988
88999999999999888888888889192999999188888999999988
88999999999999888888888891988999891118888999999988
88999999999999888888888000009999991118888999889998
88999999999999888888880010009991191118888999889998
88999999999999888888920010000919911118888999889998
88999999999999888899910010000899911119888888989998
88999999999999888999990010000998999911888888989998
88999999999999889888899100900999899911888888989998
88999999999999889998890101000099889911888888989998
88999999999999891999890000000019999911888888989998
88999999999999891999990011000998999111888888989998
88999999888899919199911000009911991911888888889998
88999999888888918911101100011111118811888888889998
88999999889988998988011110818881899988999888888888
88999999889988889989990111998989999988998998888888
88999999889888998899888801998198199881988989888888
89999999888888191891888801101188989911998888888888
89999999888881119919888810001188281111918888888888
89999999888891119988888891191188811111119988888988
89999999888811100888888891191291111111111988889999
89999999891101110888988999988191981111101188888999
89999999811011198888998988988818888100001288888899
89999999999889009899998889999828998188801198888889
89999999999999999888999889988898998998888888888889
89999999999999999998899889388898198998888888888889
89999999999999999998898989339898998998888888888888
89999999999999999888888988998828888988888888888888
89999999999999999889989998988199881988888888888888
89999999999999999999999999922199999999999999988988
89999999999999999898888192988989999999999999998988
89999999999999999888888889988989899999999999999999
89999999999999999988998889998988898999999999999999
89999999999999999999999999999999998999999999999999
89999999999999999999999999999999999999999999999999
89999999999999999999999999999999999999999999999999
99999999999999999999999999999999999999999999999999
99999999999999999999999999999999999999999999999999
99999999999999999999999999999999999999999999999999
99999999999999999999999999999999999999999999999999
N88999999999999999999999999999999999999999999999988
88999999999999999999999999999999999999999999999988
88999999999999999988899888889999999999999999999999
88999999999999999988899888888899999999999999999999
88999999999999998888888888889988999999999999999999
88999999999999998899888888889988999999999999999999
88999999999999998899888888889988999999999999999999
88999999999999998888888888888988888899999999999999
88999999999999998888888888888888888899999999999999
88999999999999998888888888888888888888999999999988
88999999999999998889888888888888888888889999999988
88999999999999888000018888888888888888888999999988
88999999999999880000001888888888888888888999999988
88999999999999890000000899911988888888888999889998
88999999999999820010000188899999888888888999889998
88999999999999910190000198888989988888888999889998
88999999999999910100010998889889919888888888989998
88999999999999991001910010998889911888888888989998
88999999999999981019100019998888911988888888989998
88999999999999980000000019988899911188888888989998
88999999999999990000000189191999911188888888989998
88999999999981111000000111199119219118888888989998
88999999888891191110001119111181111919888888899998
88999999888891889110000119988888199989998888888898
88999999889999889890110019189899999889989998888888
88999999889999889880110098891989998819889898888888
88999999889899881881110091211198999111988888888888
89999999888819891888118929111099881111988888888888
89999999888899998888822911111119999111199888899888
89999999888811918888822211110101911111199188889988
89999999888111118888111211111101111111111188889999
89999988899110018888999219198112981111011199888999
89999991111011118888998188188818888100111019888899
89999919100198189899998889211818918101110011988889
89999989988810199888999889888898118998888811918889
89999999999999999998898889888898198998888888888889
89999999999999999998898989999898998998888888888888
89999999999999999888888988988898888988888888888888
89999999999999999889989998988999881988888888888888
89999999999999999999999999999999999999999999988988
89999999999999999898888199988989999999999999998988
89999999999999999888888889988989899999999999999999
89999999999999999988998889998988898999999999999999
89999999999999999999999999999999998999999999999999
89999999999999999999999999999999999999999999999999
89999999999999999999999999999999999999999999999999
99999999999999999999999999999999999999999999999999
99999999999999999999999999999999999999999999999999
99999999999999999999999999999999999999999999999999
99999999999999999999999999999999999999999999999999
N88999999999999999999999999999999999999999999999988
88999999999999999999999999999999999999999999999988
88999999999999999988899888889999999999999999999999
88999999999999999988899888888899999999999999999999
88999999999999998888888888889988999999999999999999
88999999999999998899888888889988999999999999999999
88999999999999998899888888889988999999999999999999
88999999999999998888888888888988888899999999999999
88999999999999998888888888888888888899999999999999
88999999999999998888888888888888888888999999999988
88999999999999998889888888888888888888889999999988
88999999999999888000018888888888888888888999999988
88999999999999880000001888888888888888888999999988
88999999999999890000000899911988888888888999889998
88999999999999820010000188899999888888888999889998
88999999999999910190000198888989988888888999889998
88999999999999910100010998889889919888888888989998
88999999999999991001910010998889911888888888989998
88999999999999981019100019998888911988888888989998
88999999999999980000000019988899911188888888989998
88999999999999990000000189191999911188888888989998
88999999999981111000000111199119219118888888989998
88999999888891191110001119111181111919888888899998
88999999888891889110000119988888199989998888888898
88999999889999889890110019189899999889989998888888
88999999889999889880110098891989998819889898888888
88999999889899881881110091211198999111988888888888
89999999888819891888118929111099881111988888888888
89999999888899998888822911111119999111199888899888
89999999888811918888822211110101911111199188889988
89999999888111118888111211111101111111111188889999
89999988899110018888999219198112981111011199888999
89999991111011118888998188188818888100111019888899
89999919100198189899998889211818918101110011988889
89999989988810199888999889888898118998888811918889
89999999999999999998898889888898198998888888888889
89999999999999999998898989999898998998888888888888
89999999999999999888888988988898888988888888888888
89999999999999999889989998988999881988888888888888
89999999999999999999999999999999999999999999988988
89999999999999999898888199988989999999999999998988
89999999999999999888888889988989899999999999999999
89999999999999999988998889998988898999999999999999
89999999999999999999999999999999998999999999999999
89999999999999999999999999999999999999999999999999
89999999999999999999999999999999999999999999999999
99999999999999999999999999999999999999999999999999
99999999999999999999999999999999999999999999999999
99999999999999999999999999999999999999999999999999
99999999999999999999999999999999999999999999999999
N88999999999999999999999999999999999999999999999988
88999999999999999999999999999999999999999999999988
88999999999999999988899888889999999999999999999999
88999999999999999988899888888899999999999999999999
88999999999999998888888888889988999999999999999999
88999999999999998899888888889988999999999999999999
88999999999999998899888888889988999999999999999999
88999999999999998888888888888988888899999999999999
88999999999999998888888888888888888899999999999999
88999999999999998888888888888888888888999999999988
88999999999999998888888888888888888888889999999988
88999999999999889888888888888888888888888999999988
88999999999999888891888888888888888888888999999988
88999999999999888000008888888888888888888999889998
88999999999999880000009888911119111188888999889998
88999999999999880000000198999111111118888999889998
88999999999999890110010198889911111118888888989998
88999999999999810110010198889961111118888888989998
88999999999998120101110019888966111111888888989998
88999999999999961009100001199699111121888888989998
88999999999991960000000011899996111191988888989998
88999999999991191000000009911966111911188888989998
88999999888881161000100911881111901981989888888898
88999999888881111100001999888898892988888998898898
88999999889991169000001189198881892288999998888888
88999999889991999189000011111991991911198888888888
88999999888811999181110089111996911111118888888988
89999999888816699888110088111996611111118888998888
89999999888819991888001888111696160121118888899888
89999999888899999888888888111191919111119188888988
89999999888111919889998888811111119111111998998999
89999988889110998888988999988111989111111111998899
89999989911010188888998988188818888111111111119899
89999111109111089899998881911828918111211110111889
89991881119811189888999881188818118998109911119889
89998999988010999998899889888818998918988888911188
89999999999999999998898989999898998998888888888888
89999999999999999888888988988898888988888888888888
89999999999999999889989998988999881988888888888888
89999999999999999999999999999999999999999999988988
89999999999999999898888199988989999999999999998988
89999999999999999888888889988989899999999999999999
89999999999999999988998889998988898999999999999999
89999999999999999999999999999999998999999999999999
89999999999999999999999999999999999999999999999999
89999999999999999999999999999999999999999999999999
99999999999999999999999999999999999999999999999999
99999999999999999999999999999999999999999999999999
99999999999999999999999999999999999999999999999999
99999999999999999999999999999999999999999999999999
N88999999999999999999999999999999999999999999999988
88999999999999999999999999999999999999999999999988
88999999999999999988899888889999999999999999999999
88999999999999999988899888888899999999999999999999
88999999999999998888888888889988999999999999999999
88999999999999998899888888889988999999999999999999
88999999999999998899888888889988999999999999999999
88999999999999998888888888888988888899999999999999
88999999999999998888888888888888888899999999999999
88999999999999998888888888888888888888999999999988
88999999999999998888888888888888888888889999999988
88999999999999889888888888888888888888888999999988
88999999999999888891888888888888888888888999999988
88999999999999888000008888888888888888888999889998
88999999999999880000009888911119111188888999889998
88999999999999880000000198999111111118888999889998
88999999999999890110010198889911111118888888989998
88999999999999810110010198889961111118888888989998
88999999999998120101110019888966111111888888989998
88999999999999961009100001199699111121888888989998
88999999999991960000000011899996111191988888989998
88999999999991191000000009911966111911188888989998
88999999888881161000100911881111901981989888888898
88999999888881111100001999888898892988888998898898
88999999889991169000001189198881892288999998888888
88999999889991999189000011111991991911198888888888
88999999888811999181110089111996911111118888888988
89999999888816699888110088111996611111118888998888
89999999888819991888001888111696160121118888899888
89999999888899999888888888111191919111119188888988
89999999888111919889998888811111119111111998998999
89999988889110998888988999988111989111111111998899
89999989911010188888998988188818888111111111119899
89999111109111089899998881911828918111211110111889
89991881119811189888999881188818118998109911119889
89998999988010999998899889888818998918988888911188
89999999999999999998898989999898998998888888888888
89999999999999999888888988988898888988888888888888
89999999999999999889989998988999881988888888888888
89999999999999999999999999999999999999999999988988
89999999999999999898888199988989999999999999998988
89999999999999999888888889988989899999999999999999
89999999999999999988998889998988898999999999999999
89999999999999999999999999999999998999999999999999
89999999999999999999999999999999999999999999999999
89999999999999999999999999999999999999999999999999
99999999999999999999999999999999999999999999999999
99999999999999999999999999999999999999999999999999
99999999999999999999999999999999999999999999999999
99999999999999999999999999999999999999999999999999
N88999999999999999999999999999999999999999999999988
88999999999999999999999999999999999999999999999988
88999999999999999988899888889999999999999999999999
88999999999999999988899888888899999999999999999999
88999999999999998888888888889988999999999999999999
88999999999999998899888888889988999999999999999999
88999999999999998899888888889988999999999999999999
88999999999999998888888888888988888899999999999999
88999999999999998888888888888888888899999999999999
88999999999999998888888888888888888888999999999988
88999999999999998888888888888888888888889999999988
88999999999999888888888888888888888888888999999988
88999999999999888888888888888888888888888999999988
88999999999999888888888888888888889999888999889998
88999999999999888888888888888899989999888999889998
88999999999999888000018888888199999191888999889998
88999999999999881000008888881199929911188888989998
88999999999999880100010119999211119911188888989998
88999999999988880110010998899999101111188888989998
88999999999988980110011198888999911119918888989998
88999999999988880009101199889889912119918888888998
88999999999998981011000118888889998899818988888998
88999999888898990001101818988989199888999888888898
88999999888898199000101889198999991888189888888898
88999999889988199101100921119292110191291888888888
88999999889989199100001191911189110199991988888888
89999999888889998810001110118988111199991988888988
89999999888898988988110010118989119099991888888888
89999999888899888188110098898881119999911988889888
89999999888898889988011088898811118819911888888888
89999999888898881898998888899199118819991899888899
89999998888111898888988998988111881111192199988989
89999998891111898888998988188818888181111119118988
89998991111110189899998889192828918111111111111998
89911111911111199888119882188818118911181111111991
89199111980111899998819881088818118911111111101199
89999998889108999998898989911898998999111888888119
89999998899999999888888988988898888989988888888888
89999999999999999889989998988999881988888888888888
89999999999999999999999999999999999999999999988988
89999999999999999898888199988989999999999999998988
89999999999999999888888889988989899999999999999999
89999999999999999988998889998988898999999999999999
89999999999999999999999999999999998999999999999999
89999999999999999999999999999999999999999999999999
89999999999999999999999999999999999999999999999999
99999999999999999999999999999999999999999999999999
99999999999999999999999999999999999999999999999999
99999999999999999999999999999999999999999999999999
99999999999999999999999999999999999999999999999999
N88999999999999999999999999999999999999999999999988
88999999999999999999999999999999999999999999999988
88999999999999999988899888889999999999999999999999
88999999999999999988899888888899999999999999999999
88999999999999998888888888889988999999999999999999
88999999999999998899888888889988999999999999999999
88999999999999998899888888889988999999999999999999
88999999999999998888888888888988888899999999999999
88999999999999998888888888888888888899999999999999
88999999999999998888888888888888888888999999999988
88999999999999998888888888888888888888889999999988
88999999999999888888888888888888888888888999999988
88999999999999888888888888888888888888888999999988
88999999998888888888888888888888888888888999889998
88999999998898888888888888888888888888888999889998
88999999981000088888888888888888888888888999889998
88999999890000008888899998888888888888888888989998
88999999801000111999889999198888888888888888989998
88999999801000100119888989910018888888888888989998
88999999801000101198888888911011111988888888989998
88999999900000101111998888991001111188888898888998
88999999900091000011908999919191891999998999888998
88999999890111000011999899899898899999888999888898
88999999880010000001898999999111119219999999888898
88999999881001100191112919921000199911898888888888
88999999888001000111191111211200199992198888888888
89999999888191000111111118818901119911288888888988
89999999888188110001101118898911199919208888888888
89999999888988011009188888899911111911918888889888
89999999888988111008888889989911111211911888888888
89999999888989019888889999998811111121191889888899
89999998888999198888988999988111981111111119918899
89999998881191899888998988188818888111111119929899
89999889911112899899998889992828918111111111111118
89899111111011899888119889988818218911111111111199
89911019111110999998819882288818118911111211111119
88888891111119999198898989111898998988911998888811
89999988988989999888888988288898888998889988888889
89999999999999999889989998988999881988888888888888
89999999999999999999999999999999999999999999988988
89999999999999999898888199988989999999999999998988
89999999999999999888888889988989899999999999999999
89999999999999999988998889998988898999999999999999
89999999999999999999999999999999998999999999999999
89999999999999999999999999999999999999999999999999
89999999999999999999999999999999999999999999999999
99999999999999999999999999999999999999999999999999
99999999999999999999999999999999999999999999999999
99999999999999999999999999999999999999999999999999
99999999999999999999999999999999999999999999999999
N88899999999999999999999999999999999999999999999999
88899999999999999999999999999999999999999999999999
88999999999999999999998888889999999999999999999999
88999999999999999981111892999999999999999999999999
88999999999999999912111192118999999999999999999999
88999999999999999111999999811899899899999999999999
88999999999999999999299918991191000099999999999999
88999999999999999229191119919180000009999999999999
88999999999999999111111911911111000101999999999999
88999999999999981111191111999101000101999999999999
88999999999999991211919611999901001100899999999999
88999999999999991119999661999101110100299899999999
88999999999999991119999991191000191011919899999999
88999999999999999119126669101000111009961999999999
88999999999999999211116661121100110001911999999999
88999999999999999211161161191001100009611999999999
88999999999999999221166111111111110012111199999999
88999999999999991261169111111190110011111198999999
88999999999999891661119911211110001009991618999999
88999999999999891261619611110100000199996699999999
88999999999999891161619611121101109881999699999999
88999999999999891111119691111101109889999961999999
88999999998999196111211191111901108889999992999999
88999999998199121111921111111899888889919911199999
88999999999199121611919992111888888888881911119999
88999999891111991911999999991199888888888111112989
88999999991119912919991999119182998889988819199199
89999999911011199189911111011898989989888992918889
89999999110888888889811110899899899889888919818889
89999999989888888888811988888229888888888888888899
89999999999899888888888888892233888888888888888888
89999999999999999888988998988233889998888888888888
89999999999999999888998988988828888998888888888888
89999999999999999899998889999828998988888888888889
89999999999999999888999889988898998998888888888888
89999999999999999998899889988898198998888888888888
89999999999999999998898989991898998998888888888888
89999999999999999888888988988898888988888888888888
89999999999999999889989998988999881988888888888888
89999999999999999999999999999999999999999999988988
89999999999999999898888199988989999999999999998988
89999999999999999888888889988989899999999999999999
89999999999999999988998889998988898999999999999999
89999999999999999999999999999999998999999999999999
89999999999999999999999999999999999999999999999999
89999999999999999999999999999999999999999999999999
99999999999999999999999999999999999999999999999999
99999999999999999999999999999999999999999999999999
99999999999999999999999999999999999999999999999999
99999999999999999999999999999999999999999999999999
